password,strength
hhw,Very Weak
^8z]HIQjdL9,Moderate
iyqxkavj8,Weak
zL:n=Qe2M<tRh1,Strong
rhrkli6fx8bo+GF%+WJ6Ep0k7B,Excellent
dbmahvrx6,Weak
U}AddO)DhMd>96id7,Strong
Phoenix806_,Moderate
tinkwmmv4,Weak
87203,Very Weak
Jupiter057%,Moderate
Security170_,Moderate
G$7v83J>@&cznYcecf6ZJam9zQ,Excellent
evxndruft,Weak
^nSN9f(c}8k2!I3mI{uxi0qxgJ,Excellent
pKguxL(tFNbc,Moderate
aR2E}w%yBZx+Gd!,Strong
jordan499,Weak
Security83?,Moderate
ujnzgmt63,Weak
Uz;5Kj+B3nrz9;NqO,Strong
Uklwadwht,Weak
=dJdvqUqQoZ6tL9^1bktk!ZE+Di,Excellent
Security015<,Moderate
Tigy,Very Weak
hunter47,Weak
KhCxTu;y|9N}-qM,Strong
Zawbk,Very Weak
qo39,Very Weak
K1b3JAGvgv0pmg*Xwn3$4^1wx,Excellent
tmydxgje9,Weak
s72zRB1Ef(:Jy.,Strong
E30z}P6Gn#fS]M,Strong
zz89,Very Weak
rrrrrrr,Very Weak
resct26,Weak
aVlKw3P)]UGn:7,Strong
"Q,RFG|4LEak2_V",Strong
Jupiter981_,Moderate
y8]k%lxPC7G9;a,Strong
70?p}Id2INpJ;rVkh,Strong
81shteaunr53,Moderate
knhocdvw9,Weak
Dzfoqeujr,Weak
Gagd,Very Weak
michael966,Weak
Bsomw,Very Weak
Gua,Very Weak
gNam4yuI@3y;JLpUr8]%qn16G1,Excellent
amPGnq17WA>Lh4hdp2=4z.Ji,Excellent
?s497inb@EAt[K,Strong
Xvcab,Very Weak
&sf}Y3lnBq2,Moderate
727k0n6cVQcanoO^.mcyggvm#L,Excellent
wpcbyuz79,Weak
Ice6k@8^8PocXc7&8fn@NdkL7m,Excellent
mZ<Mk9z}AkK0C_3bh,Strong
buster765,Weak
elwxmv90,Weak
uqkfvb92,Weak
57yceuirna10,Moderate
3W.qvvnq-jc3Nbg-bSwqET04k,Excellent
monkey246,Weak
BTE+cs7I5pKz&lG+>ENhbBgw4f>,Excellent
+qaiI+R@A3rxg4VyxreeEr78eD,Excellent
Rniac,Very Weak
cxuswgv3,Weak
qDGK<s9vt8nl$0A,Strong
xjqymviowsb+,Moderate
67BmfKRxu5%qiK9lozvg1[.i8x,Excellent
uc15,Very Weak
-D.=Z4uf]w4,Moderate
jjjjjj,Very Weak
!kcmD?9fgQ8-YO2z,Strong
lsipn,Very Weak
>vFdj#X1HB<2r1yX,Strong
2tcndoWX05fE,Moderate
2890,Very Weak
q!H=8Sc5Pf[guO,Strong
cwuaiojl4,Weak
Jcpmpeddg,Weak
Vvp,Very Weak
#47hVn0CjW@Kmh^M,Strong
541749596,Weak
1QnmE!WR@?+58C,Strong
",:t$LJUOn_",Moderate
K]JIa>f!0,Moderate
27Tk<zCS@9UplwX,Strong
4BwT1rj1wAm@vhis#W98voY$,Excellent
K:jmCPo_Wm^,Moderate
ZlaX0U6vq:Iu6X{%p,Strong
Security051^,Moderate
wVbyGgr77wux#t4urBA6Go6?*,Excellent
Jupiter716<,Moderate
".g6S7,B[cOz",Moderate
+W1pzvaegxTkvRY5.fftCl0j!6,Excellent
nf2=A]S1v0B%gHT,Strong
dragon16,Weak
4lg*.1;5TNjRU},Strong
qzshrif9,Weak
L_w@erCIB09k1$Y,Strong
ssssss,Very Weak
405738787,Weak
.}9D5%F$vceUwhrnXuup0c9YrU,Excellent
qynsidj45,Weak
jessica597,Weak
L8q[ICnf4Sa0%Gd,Strong
Uzw,Very Weak
atcdxupjq,Weak
ebjda56,Weak
ZA$>H3G2v|x7+*O,Strong
jx25,Very Weak
Oaybkqdl,Weak
ezeirhp61,Weak
shadow914,Weak
"ty$43B}dNoi5ieEfy+lkdBi,99",Excellent
71knemxydz92,Moderate
O7TBk34[F]ck_Ylz,Strong
ujgcl08,Weak
P:+0Mcz&j(,Moderate
tgkfhhy41,Weak
cfwjvumikna(,Moderate
";EN*g_6j,5",Moderate
Security59},Moderate
R8sCqaql%8zcl.s%P5rK]7jsE6,Excellent
iayl<M10;+WCjpG,Strong
q3G#9Rt$mYIndfu?4mmxjk2D0,Excellent
<nlSYI[0f|Tmu5,Strong
647987,Very Weak
kf95,Very Weak
tez&&L--i%g4h7E8fkvwB59QxU,Excellent
thomas404,Weak
Lbsoc,Very Weak
fffff,Very Weak
cxtocusc3,Weak
Ds5ow^sUcRthvHW]cv4$ptP95,Excellent
a|8GTOIJ9Uf*:_-,Strong
eqr,Very Weak
Jupiter608:,Moderate
tdrofljqsbz(,Moderate
8>lC:3%{b7o#6Xa,Strong
YjB8:2m(KcYPggito31%HfjH,Excellent
jordan658,Weak
50epturldg47,Moderate
Security975;,Moderate
Security41=,Moderate
Jfhn,Very Weak
hhhh,Very Weak
Bqv,Very Weak
michael406,Weak
Phoenix170+,Moderate
bbbbbbb,Very Weak
y1.uv&yKs6k4<jFe8dW0Godng,Excellent
princess,Very Weak
psezunh49,Weak
867,Very Weak
ws3QNmej8XqG.x=jblLox6-v3,Excellent
=xI#Ms2>8r,Moderate
8cIvlTY3yCdZneq0u+{j@cs0J,Excellent
NiJ%:ACh8p6xs.l,Strong
clhppee35,Weak
027096984,Weak
Rro,Very Weak
)+N!h3{1*%vbS$Fb9dxpn1fY:NQ8,Excellent
monkey,Very Weak
qW8f$Juvp[X3*Z1,Strong
7xS7hiiaE_UyT_7D4pBb:gpor6,Excellent
",m7ho!0J1zYAL+Mj",Strong
Afa,Very Weak
slcuonr5,Weak
XVJp0T?|zeS4a#9f,Strong
qh1Xd1K8laN3tSeg%jx9$X}|1d,Excellent
ct[bLo9!vSdtmM6jpEE2QI)o9,Excellent
wpmdx{Ly<0g:77u7NdYmwDaWo,Excellent
H]OWg_kuAZ,Moderate
mdwaylr9,Weak
jordan593,Weak
9L*3R|7jqMg_ZisxB,Strong
Haigtpsyr,Weak
066493184,Weak
kc87,Very Weak
"Nacv5B4(1Wi9,=r",Strong
A[5}q*zRW,Moderate
xfh;J6P9t9!qH_r3rHL*uv4nny,Excellent
Thunder035%,Moderate
BPW<HqN{VB0,Moderate
965888,Very Weak
7sQuMZVac)<,Moderate
zadUJ)%vH4>IfG,Strong
SeQHN7_M.68C5!I@z7k.Ehb$m;9r,Excellent
master604,Weak
Security981(,Moderate
Kxdjvyjrn,Weak
B%c^_85eZHi9jp,Strong
rI7xueT7y%t5k5*+73vAH:Nsxc,Excellent
x81s^QrhRS&N&3syF,Strong
xicjxemi9,Weak
253360852,Weak
OabKs4{Q|P1vY!,Strong
Qn%kt(CRgT-b68jr9gf0rc2{]V,Excellent
;Ljy20tfoabV8gnonG4&IV]%@W,Excellent
hunter813,Weak
cozfpavw,Weak
3ePCjask9R4,Moderate
W!)51iU-xk0:m4fkkoffUbYcTY,Excellent
4gZaL5tdZ!mlEzrFjo;f|6C1;,Excellent
xdoikvl0,Weak
ikqumwyx,Weak
{hkXMlwZi}41QPe195a<pWt$9,Excellent
;CG3+dU2I?pkwJ9,Strong
IB6MJY0;]h,Moderate
Verjodtje,Weak
eAbw2Cid[Ata55]gnpS5Wv9*3H,Excellent
michael654,Weak
ngdlp,Very Weak
3c{D}yt7iOh]G5,Strong
iv66,Very Weak
QS+FOyjU6Tw&vbr-&n9N61K-.nNC,Excellent
uxvslk04,Weak
46zMs82mW+yvDrh:bfgFN&eca,Excellent
Security476},Moderate
R0;bO(aG8^8,Moderate
Htrvfkzlw,Weak
ydmrrnda1,Weak
121,Very Weak
shadow21,Weak
fX5;S9&uJI6V]t,Strong
gw}d:2Zj+VuV6z3s9|K3nJUv7,Excellent
8F9FGhn3q3.#opA^G$yJFej1vPw2,Excellent
bhdzI#M01S[M#]%acJ18Xtrk1g,Excellent
tg48,Very Weak
39mGf0!:dbOiz+CK,Strong
a*HI(ionBQig[np54FQw;?ATwbe,Excellent
upVSJ=_3x-81ekn,Strong
Phoenix290+,Moderate
"*o,eXj9N{0",Moderate
xptisa82,Weak
24861,Very Weak
bkunxw45,Weak
"DtK&i:bwpB6a6%i2^Q0ytpt,E1",Excellent
charlie307,Weak
am4H70STiHhj|]xv6A:n[s0jf,Excellent
2<zL8JtO%yqP|Dq3,Strong
o)p3N>5kQC=wM9,Strong
"HJYDQecO,Cu8+CuM50|7-A}?r6Gx",Excellent
@fUs?n?&!JohPz9VG9X^7#^MtO8t,Excellent
lZvnOz2#gkd*$5Kyi83mgpjDdH,Excellent
d8xgJcwqe={13kUI^maS+ZTw2;,Excellent
joba,Very Weak
s+C)v:Gl@1=,Moderate
charlie259,Weak
lS2=9X}n4(MzEy,Strong
93ulX{bsfHpfz0|Bc6{RAF)Umej],Excellent
syj1|xpO89E9ckJdqnk$!7bTe,Excellent
_1A$9jj1uX1NIulhJfwp-M8il5,Excellent
FH(o=3qnsl69#VM,Strong
wDvb5uy1PK+%(UA3,Strong
<&F=01QcGZW,Moderate
SqlkB!fHh6!DZ#v21,Strong
opejf,Very Weak
l8k(UV_2.rCBGs3,Strong
pildmrcb,Weak
qhemoxfv,Weak
Phoenix317_,Moderate
je(78nAhpFSK$6vD,Strong
Ofbkn,Very Weak
V1{gUKyxJP2Z=+,Strong
MX*nxaF]P4s)n4K1s,Strong
pmqzjrrk3,Weak
px09,Very Weak
MWs6dJ@8!fxQ7rH,Strong
Thunder612?,Moderate
L0&rqdca(474c2VRIgt1Hx&)ta,Excellent
"VTd_Lj5=gZ26mR2f,K9GJ4CUso1}",Excellent
51tniudxhm97,Moderate
pop..ts!TTj8nS9pm97srs5Ks,Excellent
charlie161,Weak
1n3c=oknb6Dg440>yQpFL{YqNb,Excellent
Security42},Moderate
kc56,Very Weak
"$vr,fT1hHVeh42f7l1huG_hqtm",Excellent
Zgleyrjk,Weak
il%8Z<}bq#,Moderate
jordan760,Weak
gggggg,Very Weak
%H92Rp@c21fdUdfi0>mKagX8Wf,Excellent
?tAd=9eM6(,Moderate
Security145?,Moderate
abcdef,Very Weak
qqqq,Very Weak
PzYz7_!88HeqI=xE,Strong
Wbadq,Very Weak
ivtkdr53,Weak
DY@rX?diKyg2wS:12,Strong
michael932,Weak
"zOK9a(|sdcHx,P5",Strong
)[qfFA@w%jgukp74rDvAxc64Ra,Excellent
e5ah;WB&NTBatlFo5P20^}Xcf},Excellent
k;J3Ui*=NgbF1R,Strong
{Oxj87bEIgvmpbqk1*Jz8y-7^Z,Excellent
ysdklep72,Weak
gmj,Very Weak
742e0)[0}xA)uawkldxHbpNiBf,Excellent
pNSi4Lhr<7>jF$3P,Strong
A%}h9PE:vc1Tdb,Strong
"wV,AEo&d+95M3h",Strong
jXzu*vU0jT=N}95S,Strong
xGY:F#KD@,Moderate
H}bRxSV*3j0l4^,Strong
lh71,Very Weak
Jupiter643*,Moderate
&*(TDnBlTlYbmS0ydU_uH(mv{40m,Excellent
jcqtdfsp4,Weak
"glw8m,rQHE8h7j%@B3Mq6doe",Excellent
difpRA@w46;iS;Sve5xzi126Ze,Excellent
>@U=em%P*dC,Moderate
je87,Very Weak
ru15GSpx4iO,Moderate
Q6@Vq4*B4LD<sES,Strong
!#K+bmhd|IsnD33o56QlF5&ste,Excellent
monkey788,Weak
j*5&|u;w6G,Moderate
ddddd,Very Weak
shadow182,Weak
KBFKnwx3Q9i:<MIjM6CcC5V@6r,Excellent
48wmucxqri21,Moderate
rrrrrr,Very Weak
X)3Z^TJ*8bN,Moderate
jL4l3?]l1aBKrDN*,Strong
zzzzzz,Very Weak
lupkbwal4,Weak
*X19AU!-pvnbzjNs2vYko0gbu,Excellent
$I{mryr3l^QM8(TKX$edW0a504Q1,Excellent
Security01>,Moderate
Oakutlxfe,Weak
hunter355,Weak
ranger570,Weak
&+;I@p5bLC,Moderate
F.sKBBs2W3haPQ0hk:Ieo9-T)$0,Excellent
yvHqc$1n<6ER(I,Strong
96vchwltdj50,Moderate
O.=K41;Z},Moderate
Rosxmqnu,Weak
Security791;,Moderate
%jODNV=||Gu,Moderate
Eicr,Very Weak
36utdplhrg21,Moderate
GAs;t^5ao}7hcK?pIdnbU6iQ2l,Excellent
Security972!,Moderate
laiwHy9478k}Q93|nz}TIPmkU,Excellent
^9jP2n%Z01Y,Moderate
lwegi,Very Weak
enxdu,Very Weak
anxrv61,Weak
GE$x2Ht+RBN-1Jy5q2m8*cUA,Excellent
nie6B?8Sh29d&G)TxPYwj9*0r,Excellent
ZWEUnmPsi;D,Moderate
aaaaaaa,Very Weak
@qKtH5Ty8_ngZc7*Y,Strong
jsbiV7iFy4B]mK2d;7V1]sdjzo,Excellent
Zx#y<D07UbAtK{,Strong
<DGeKtZ6S?,Moderate
=?MYSQ@bkPK,Moderate
2_]$c0h8Ky;QXzl#Xd2fnzn0Tn,Excellent
buster567,Weak
fiwzh,Very Weak
eh18,Very Weak
D@Cyy0S?Z8t,Moderate
qyeahfv60,Weak
8GY[O&KTTI(,Moderate
3848,Very Weak
aE:]LS9%f,Moderate
ywv,Very Weak
402946989,Weak
PA<si5VdNob.!)j&n33V[mU_0mL8,Excellent
FdCm=6P7qPkM*u@1,Strong
GV27h!D|@qzyJe2DB0u)MaH#M;5i,Excellent
L-#(Gjvh6u6unor9&r2iIZnSyn,Excellent
"2:YXu,0Kai6(oJ",Strong
fexbsuwqimr*,Moderate
bzfkqc54,Weak
808819,Very Weak
master163,Weak
WM3U=9T:Xj&VB,Strong
Security94>,Moderate
412690762,Weak
973,Very Weak
en69,Very Weak
ohpsf,Very Weak
Ubntqnmmi,Weak
P|7+7hGuiS%,Moderate
"-9zmLxdbOa,t4*6ma?DF0B4sl_",Excellent
MBce6on58Jq,Moderate
"6|m;Jj85FXUe1,xC-rNp;5j7p$}F",Excellent
62284,Very Weak
w1[goMpdl6kysq}s;s4MPs7B14,Excellent
"6<,q43hKa:8",Moderate
^f54tuz&Hap:YN1,Strong
415592822,Weak
qx^xl9rnapt2E5A9GV-agme{06,Excellent
Rjgbuekog,Weak
D$Z|fz5H>$W,Moderate
X.PR#9C?6FJ%I[8,Strong
Security58?,Moderate
P(-d+1QGx7bjoS,Strong
i4e?BVr<n2ozX$J,Strong
sgso>n8PzPI[-7P6P,Strong
"E2V,DSO8:}!Qwfz",Strong
azyctisf4,Weak
agsdrm40,Weak
iysunyrYg)b:T!p6S8McM75y11,Excellent
Ot<Yp#Lf|r,Moderate
srngq,Very Weak
222679320,Weak
qv60,Very Weak
84upvhlijq97,Moderate
8j71>0yy1woOvMb)nv2&CMUP)m,Excellent
9gaNc0Y2vOp,Moderate
zlQ8sIRlC1mqJeM4|s-jaPA7LlNP,Excellent
fqzbi,Very Weak
idd,Very Weak
wJEB4|&7ooGgyY@8,Strong
07-u!13xkTXOme#%vtAczxrhIa,Excellent
DsR.9Cf[?,Moderate
L2}_4aOCW0kT|ayd,Strong
shadow429,Weak
b:4lNcvypo6c;ie1693AVrL[ua,Excellent
317921687,Weak
c0w_WpT86YNe&v]B,Strong
23L9PwgAG&:bNar+v,Strong
Security49#,Moderate
Eim=H@yRTG<,Moderate
czqsw,Very Weak
rhmuqcfs,Weak
xv-?|mWn7YB,Moderate
zK3*kulj3NPx:mvejAq23*Lfi,Excellent
6jBMs}wlbkE4Ycy3h3b#sU_vo,Excellent
ranger972,Weak
ivP.2)R_(U,Moderate
Ktyge,Very Weak
Uxjhqdev,Weak
jarsiu87,Weak
e4}vd)TUZ_,Moderate
OL4@03qxjz<PxjgQo8dhSs.b8,Excellent
48ejhwxscm56,Moderate
-CoevVo9Uu2^w[p0ea6f4NvXbc,Excellent
mmmmm,Very Weak
hDww0196xbltD;rmxe35BI-tp#,Excellent
ik42,Very Weak
hgbgj,Very Weak
7ehs4QXL4Sbs%;C$,Strong
SW*o5rw8]ws98d)nAxEs7pO5d,Excellent
ZD}EygKThI.xL%,Strong
nezpqfda9,Weak
qwerty,Very Weak
Gy%W6Svqn-*M82,Strong
I]0[fQ;Lw7yIL9opo,Strong
haexqtwr1,Weak
"n9Ig;P0nLq#t@,oJKovf1d0mDt",Excellent
".wK(,?3c8E",Moderate
"LF6uk9Co^P0M7c,ircK>|R_1>y}",Excellent
"it<kmo7srh,C0S|0OJA.egq3C",Excellent
ycef]CU}:Pe,Moderate
qc76,Very Weak
8QuRpF8T+5a^oPg#,Strong
auncdby24,Weak
Security62[,Moderate
Security76%,Moderate
Swq,Very Weak
5e>o<CW9uE2kdnWJ+,Strong
monkey400,Weak
5rZFApn2jCk0oq?9otgs?7Fb;,Excellent
w_u9]0dv1OTfXxkm6gje%RV+00,Excellent
locbxuev0,Weak
&C8D?ZYiDA-,Moderate
"KU7rY[l1rKy9D<l,",Strong
mvlyxgf8,Weak
ylgs,Very Weak
vZqv^92@1A2vnU2l[is@#wNVdr,Excellent
Tli,Very Weak
yxoay,Very Weak
8n._V8L-9ZS,Moderate
rd@1ZkKU2Z4+bfMmxcX{2uE2n,Excellent
Mze,Very Weak
]aq2vv]MiaW7i9{uJSbBnbbbfJ,Excellent
g-ImXG7iD9wm0]Z|,Strong
"J4G6top,woYpWS1P[J!@2fN[nB",Excellent
"H,9-bbfqF9;t]QoY13Qcrdewvw",Excellent
Bn[48nfSwlZ9Tgn$fylzSr[j0m,Excellent
;Xuqnk_^:1eQY7fb7ZjqGomh2g,Excellent
sad6!}1UNzJm?4,Strong
Kdzswhix,Weak
rpuidknd4,Weak
cunaY49.zX),Moderate
",m2TdTt0wi7U;H)X",Strong
T=M$nar8{3e6kXu,Strong
Qa@p0ti4%VchXkOCt0{m5:f2L,Excellent
e31qC3#ANz^_Rxxr(0s4HnQ0k},Excellent
Jjrs,Very Weak
"Thunder124,",Moderate
vwQ5zYc96Mu,Moderate
i2:8>2wiFMsNGjru6.Mzc8}g:eo,Excellent
098,Very Weak
iuD0%MOOW-j,Moderate
dWu80p[YNFg%{E,Strong
38q9iet)f[XWClB,Strong
Security09:,Moderate
Ses,Very Weak
o9=z3M:F-,Moderate
"b6F0D&djMX=5,hnaw6;8{ONjr5",Excellent
7158,Very Weak
dE*7o8sEm]Uf[zsv0[Jsf8zlLc,Excellent
n7=iz0;.%45,Moderate
NJ](glwUF8HKWXnlG0q-nb&t!Tu7,Excellent
96165,Very Weak
yyyyyyy,Very Weak
",P}tZ46!qbR2vofY",Strong
36pkhlvweu85,Moderate
76863,Very Weak
007335,Very Weak
ydvn=0WQ9[C1Pae,Strong
Eshy,Very Weak
axegjnap3,Weak
jessica571,Weak
",=?b|90h.t)",Moderate
jynfqisa,Weak
nnnnn,Very Weak
571223329,Weak
"1uyY9,qh3_hq4XhfGrR)Mf:e4[",Excellent
Hcl,Very Weak
257HOhwDturLz(G?.,Strong
GO<n>Pu>j6v15EiV,Strong
Phoenix369@,Moderate
syuhqn26,Weak
mclxqzw92,Weak
mhnqdkfz3,Weak
Jupiter805<,Moderate
K6*^%F0!sr,Moderate
dilfm,Very Weak
pavh,Very Weak
(5mq$U+76DlGfz,Strong
ykzza,Very Weak
Phoenix643:,Moderate
662,Very Weak
;I=0cO}xg^[,Moderate
"qU{^w,tpHB3cKvE",Strong
lOx;8ubny.H1imf&wD8y2I50N,Excellent
1893749673,Weak
Thunder160|,Moderate
gggg,Very Weak
"F0A,4zE;c6=p^GW",Strong
dXFZKqs2!8f(#mh9I,Strong
121210,Very Weak
GjNl<T&57}rew3,Strong
@nCQ(DST.k6LF{,Strong
X>iS9Oh3tp_N*Uq,Strong
.oXSD75iymhU&#3S,Strong
vcsqim13,Weak
kUb56iv5w5g:sJQn&hzyqZN-f<,Excellent
etxycxp36,Weak
#Q7G1K>^E7d4Uwl,Strong
Razsv,Very Weak
y37TA3lZOjV(fqa5c^-q9iT:a,Excellent
ak28,Very Weak
379,Very Weak
xlxuroeb5,Weak
q5gpo>x1WmfAQ+wts0nmM]3ezT,Excellent
h]=(Z<vsL86,Moderate
Ezdu7bjItP&iOv2D*>14gP.fv2,Excellent
master82,Weak
1v(+e!W$Y%D,Moderate
dw78,Very Weak
H8yHMn&cNu7W44jQaV%g9z_T&,Excellent
nnnnnn,Very Weak
Wlwvamxgi,Weak
Security743+,Moderate
]O&2F4<Is,Moderate
lsabw19,Weak
#f6A&dt-P5zLyKJ,Strong
N$MbQ8sv7!^fPA,Strong
:.IBplzs0t[1On2kV8faTWtu40,Excellent
bwQhuI{clr1K9?_ew9idLIo52,Excellent
"jamq1Tee,1cGajw3$zjeL^BS6",Excellent
5N3B?VgxJ3u*<mp>JPa8.H=Ja8,Excellent
tr73,Very Weak
Jupiter480|,Moderate
02586,Very Weak
R1Lq!o)p53w;JFeG,Strong
cu8(n_TA49d7K&H,Strong
21280,Very Weak
mT1u:91r@DkmUQg[E,Strong
rbfnb,Very Weak
3+L=Mb=tO661IUg&2BB9qjL1ou,Excellent
qoa,Very Weak
5865,Very Weak
!IR5ZHLVMt(y|[,Strong
tw09,Very Weak
HzvDq3sd0uGpwkwr1<7vX&;mQ1,Excellent
q7X{R8pYB@54.,Strong
betgx46,Weak
3721,Very Weak
Z.i7>UEn?$yX1P,Strong
|bub{Bn7M:M8f9KO,Strong
eCFbW[rDzxa,Moderate
WM{YHeIz8CX,Moderate
]zzDpvClc}6b680Ss3Xb7tm+di,Excellent
SXpwAzhb-u2Oriltd-q1$L5r4,Excellent
49906,Very Weak
QiVu(Zy8O29w;Ek,Strong
0b7.=qvmFJIxp|ST,Strong
jf+9+rkk5e7Bk4c5aL&zb8LUA,Excellent
3P?j6+h3sR<1b-ghlg8iuScSS,Excellent
hzmjy,Very Weak
^1lGht.3vC_JAO5,Strong
Jupiter145&,Moderate
vwhth,Very Weak
G!9)@3#Ui:,Moderate
scx,Very Weak
uuuu,Very Weak
UN@21o:9$yICL,Strong
K@z4Waz2gE4F3j)Ieieqsf12|w,Excellent
"d7s1?7cNq,kkl|5joKFxr6zDa",Excellent
mFY4W5}ayre^;c0MZ0w)4rd2xU,Excellent
Jupiter260:,Moderate
"sQ2Izf8urQhD,yk7w;rms0b3s}",Excellent
Jupiter560),Moderate
wt(G1Co8IiNf_y0Khs0>7P?8b,Excellent
O7c(YJPseD_k(v22,Strong
fw05,Very Weak
73o6FNpqXey,Moderate
fz17,Very Weak
xipvrdh79,Weak
hclorUgH4#77bN*@qbIo5ozi7,Excellent
buster404,Weak
yuwyecsl8,Weak
3On6h_rvS1pSugPkhQ67>|Gapx,Excellent
8L2A5FgU_N%p0^hhnz8pEkni[,Excellent
sceha,Very Weak
se44,Very Weak
8&iL$])V9K[M04,Strong
f{>NoUz?bM,Moderate
WoA>Hkwo^d(,Moderate
Fwuvnhbzk,Weak
master62,Weak
Cswopxey,Weak
E_h3H3YSdvTqpChd0t#vg.yn7,Excellent
HP|Pm1k2imV_QElmk%:H1XrCqx<:,Excellent
Rx2JM[=VP*#NtI7,Strong
xkzempsudfc-,Moderate
Y.pa8ywh_6mA0ON|kiC7Iga$0,Excellent
Mtas)U63vgJueCsX49y[Tg2dv|,Excellent
T}25Ou-0=J<1vI&,Strong
227,Very Weak
cccc,Very Weak
ga)3&|G7c1[LmiNB|aNueyd4Jp^N,Excellent
7680,Very Weak
Yd4SuKI6)X={_go,Strong
zeasu29,Weak
blhapjz8,Weak
Xvxlx,Very Weak
michael171,Weak
7|dte.NIc-[,Moderate
0(y*fpO;cm<,Moderate
pe36,Very Weak
Cl0Hb-r=?EH,Moderate
Dm34ObtsYxBT5a#_N2fi(7z1y^,Excellent
3Yx&CqL0M.7-u+;,Strong
wwwg,Very Weak
GnQFov5S7|#4e!xu,Strong
Security246_,Moderate
yP4X07-4Bufo}^t4clixdhV#6P,Excellent
yw96,Very Weak
rgmtujy9,Weak
"7+Ysl_DgbFWq,hVlfvvs6457",Excellent
d6qvY<?POiGwa!y1z50XnbqAHZ,Excellent
.}^Tkfs5p:,Moderate
El7Bfq62dVw,Moderate
wbax,Very Weak
Q;H07yf!J6zj|fhirND5l.e}Ui,Excellent
$]cOe8YD[m,Moderate
mmmmmmm,Very Weak
B0x*yj])6#L?OZ8Au40DkyhlCQ(F,Excellent
)Aw+G7le6:vYDJ,Strong
"ykx5,7zpbOb]xFrCyz0)1MBuV",Excellent
yX8h{5b&N6a<iWVdE,Strong
d9Tyh0o#bu?6<D8U0ij]Uinnpy,Excellent
Jupiter563?,Moderate
M89@]6FuV;(,Moderate
+nYSH9h3L:),Moderate
haobrfkj0,Weak
"4(319ktOgE),B&{6W_g,6ESfhQbw",Excellent
pppppp,Very Weak
asx3EVxd2cQDvj6c*&[ed3f4b,Excellent
Pqjziabv,Weak
}utrTSB70zL7Vt?!,Strong
charlie905,Weak
ik09,Very Weak
vnjxwul68,Weak
xkepqg96,Weak
l@FUepscaQbJ,Moderate
"miWXNTrL[|uoYk,",Strong
$Y3Hj!pz]8XLqt,Strong
wfmco86,Weak
hucetpgo2,Weak
Szceltwca,Weak
oaktcger,Weak
kamwe89,Weak
brDNwb|Zl_6nd&1!YbQs5CJmY,Excellent
L+08i]yA_GFrxE9,Strong
7xwpY6Anvq:ecfeuVl!43Tq-!U,Excellent
mj%9q3Y.WP8B92xq!ph:k3Usbv,Excellent
948403,Very Weak
(gD2hL^b&.deNri2Y)7wk9ivKB,Excellent
Thunder894},Moderate
Q95vE0Jwrhf@&T%p,Strong
ccaa<DNp7G;3(+NrU9{YdOw9Fj+,Excellent
qtwmasohbvj.,Moderate
wadgo97,Weak
41hepztwfn73,Moderate
gwljhrtk7,Weak
M6IJwEoC%RB,Moderate
Drlrwdpya,Weak
hsmpnzgx3,Weak
wlvdh98,Weak
ygcobzm00,Weak
"tfk]QOeouZ48,nvRO,1}%.Z4S.G",Excellent
master941,Weak
bobgeypo0,Weak
nooktwn04,Weak
IQ5^kY;h}*E7vU=,Strong
huiniar37,Weak
jelvunv46,Weak
cll,Very Weak
"F0l6qnS,}5#MKtG",Strong
>9XO#C@L$013ApB,Strong
ZZ3#LBxX;8:4hhfp,Strong
cfcpn,Very Weak
Rovxnsle,Weak
|S@n_CYR$*U,Moderate
9973972950,Weak
Phoenix134},Moderate
GO!pZ_ql1eJhA74y,Strong
oi26,Very Weak
Qcga,Very Weak
dfk,Very Weak
gIMx&{?S9,Moderate
sDV%Om]JZ=,Moderate
hn47,Very Weak
U9dK7B&3P1;NLYS,Strong
0248,Very Weak
Ei:CvA=H9S:&j36Nc{aef98{Q{h,Excellent
W[(wzkY0nBq7G68xfOc1p?<Mf,Excellent
"{xm+Z1kYv,n0IY8{0W4G.pPlURq",Excellent
KE=sH>R[5wp,Moderate
pikhk,Very Weak
xhv8sh;nXZzmi_od-w2%Q6z3CP,Excellent
10yulphvro78,Moderate
ylqa0Z^qw8;e.52F:1mecpAvoX,Excellent
Thunder348<,Moderate
iQhJ.W0>h27s+cmCscslNwje!2,Excellent
cct,Very Weak
7617,Very Weak
9640246963,Weak
uuuuuuu,Very Weak
GqX1rd?t19?VpA1p6Wd.vywj4,Excellent
t^Vyt$3hoa1r1?l8f5hgANSbXT,Excellent
kujmqwb83,Weak
Cnjx,Very Weak
"hb?0gYK4u,|6acQ",Strong
zc<IDoB+H2La_vS,Strong
segrp,Very Weak
c7X&7JMkR#SZAE},Strong
lj53,Very Weak
gplrdda17,Weak
L4iMkAE2*f?,Moderate
"eyR44(oe0qaWacO%7kmO,htJQg",Excellent
BQIP16{jC4(h-eqn@6nWYN^UdOn,Excellent
565053970,Weak
5pgn3WySjU9,Moderate
04neqgykoi87,Moderate
#H6e3kz_4DBvX},Strong
I3;k9mip]yqjuwif92RBqPT]W,Excellent
0]Nj.e^aF#,Moderate
Whp0qoL)B9u,Moderate
NYG0]k4z^hS(_9d,Strong
Fhn,Very Weak
vxmt4}dP5Emot6OuW4z<)7anfY,Excellent
Phoenix931&,Moderate
eI-ia6NhZ19&qf=3gPt1ivVo],Excellent
Mww5Z>_wB|wowXPz7RE81js*L,Excellent
qJ*G]DY7$,Moderate
hunter772,Weak
!lJnb3hP$2UXu0?eK,Strong
Nxltp,Very Weak
D87@flbeX#IH!W,Strong
Security620+,Moderate
T?}mNb(D1USo0xjJc+82A3wT(.,Excellent
hunter666,Weak
Q@Mn5F9$7=zkwg,Strong
monkey851,Weak
0>;rX-JbByb,Moderate
]JS2Q7Rf#@!,Moderate
Arzp,Very Weak
3625926837,Weak
"ixXS.Igv}1weQz1e!FuTm:,435",Excellent
shadow199,Weak
0Q.xp[>ToP5;gJlsj2s91v(gLq,Excellent
":YkM8Lvd,|prM22uC",Strong
XIt=r{;qbWIm58J0b,Strong
@7ZO8uI;^1WWAc7,Strong
v1+CnigTA%jm70!K,Strong
c.:B4JKsxT)fNRK3_yU;eyf(kb0,Excellent
yR^F9A1]0Yd2x:vjdCwH6eee,Excellent
vJ}0up}z;viH1Q_iJh1M0K03bg,Excellent
thomas711,Weak
Sdrj,Very Weak
PAeF?ywYuGym6hHF1ysQPJe:8x_,Excellent
Wb6lDk4q!z9Cov0njwf@flbU)G,Excellent
XIj%sZ^hck1rO51)M,Strong
"VgRe0x]B29D,t=Ks4=mfc!9Oz4",Excellent
Security20),Moderate
34frnklpbt68,Moderate
2610051127,Weak
nzogtvjf,Weak
j:3&^.pa1o,Moderate
^VE0ic4IWFLFV)%,Strong
Ndm,Very Weak
N!e4SLU4*T(h0c3,Strong
"(RU,A;7p?H59foC",Strong
5>D)ry7!^N3,Moderate
73edpjczry58,Moderate
9?tGHc^s>0TvA!1&QdPk9y5iv,Excellent
y!pq$e5yZh6wT1_RrCWFly56xt,Excellent
1809332277,Weak
wiafhxls3,Weak
Hrjgkmj2iJX@(c0VQjx7Ddm_7,Excellent
rw20,Very Weak
Tqr,Very Weak
358915630,Weak
rffeylq68,Weak
oaEO56nal@hcA@s3UX2jl=mcp,Excellent
xeofjdaihcn),Moderate
jjjj,Very Weak
f<xb[V:L?O2,Moderate
Security82*,Moderate
6077,Very Weak
"AOi_AkuQi8,owO4wej1Zbr]500",Excellent
"oK&iTYVh9clu<,j",Strong
idwsm,Very Weak
aaaa,Very Weak
Buarykpw,Weak
gebprkq89,Weak
charlie10,Weak
jj12,Very Weak
Fz&Sap6av8?peb6V5>Tel<V@h9,Excellent
Kntu,Very Weak
2kVl%ZzP0Mf{Yj[4,Strong
sX;azr6U9%,Moderate
kfuwl59,Weak
ly45,Very Weak
duqnamsh3,Weak
798656648,Weak
Yoijgvekj,Weak
A:(HpW3l@O9x8zGew,Strong
"el14Y?0aqajSMN}t,u6uf55QV",Excellent
"t0eHzm4B8:,-8vPjK3u(dfK|fC",Excellent
mMy!w^bB7i5vJ6(Ew8U-szj}u4,Excellent
bb78,Very Weak
Qkjcy,Very Weak
7M^U;Dh2.v7Hg(JCQUlb8*xt?t04,Excellent
<qXl+WOH01,Moderate
089,Very Weak
nw82,Very Weak
zmkn,Very Weak
DunL6=Mrj9?v@3G,Strong
^i8p2lmjeF9[AVno2uU?FuT0,Excellent
7wrh}qQ4}!Oku0BQJ,Strong
813326,Very Weak
"X(B01]v4FP]2PHIy7e>-hSdu,k:I",Excellent
Pasxosopj,Weak
kizvabs56,Weak
&neU7=O._7S36]qfYSDmD4qC,Excellent
?O}J98)[7h52YE,Strong
wBvdQ2zXp8s7fN5U#m?u]7ae4,Excellent
649301,Very Weak
8V63gB:5q--,Moderate
Phoenix097&,Moderate
_C>j0WTb1S%G:R7,Strong
38pabekuwo12,Moderate
kb9}geJMc7f.6I1tUUklk;Tz$0,Excellent
jyoodapn9,Weak
62a3#*xVBih8p|FknsMoHv9c8,Excellent
buster668,Weak
aktt,Very Weak
?Gnu5Z<0qAxj9st_e8FnzNN%9,Excellent
updarrij1,Weak
!kmR:hwEjgzO4gB2i5W4?;g6K|,Excellent
>^7boqKIj8N6DtwX,Strong
o9@BcKD]}g,Moderate
dddddd,Very Weak
Jntd%t=4>4JR6RIwc,Strong
Mrz4T68crkrl]3q?7giwEMvo=,Excellent
dg26,Very Weak
Q5if:#ofL5gZd2J?j6E9Po@ua,Excellent
6860186009,Weak
buster924,Weak
Stp]Dw8sLsQL13}[isQM}T|5Dl3E,Excellent
yVXL3b=>O93m9psy@r?1bQ1haX,Excellent
mc04,Very Weak
LLR0@jkMN74le$m;,Strong
ttttt,Very Weak
$b]PlThDa3Ys6},Strong
jessica921,Weak
oo19,Very Weak
"3MrzIyL8?,",Moderate
FOk!02Dm5)GP.*r[N.25jfs^(FQS,Excellent
"aqpjIc,WrtUF",Moderate
edkN89:6TO}xm+,Strong
"bf2{Wc4n9YGvTe,",Strong
Pufvzygx,Weak
Mlbcjysgx,Weak
iv87vbPpwie=]g*CDYo7l0S1b,Excellent
lbcnN6k^hbhJEc@>7Su=5AB08r,Excellent
Cjtou,Very Weak
sssssss,Very Weak
E6}HK0:-y9fWr5,Strong
Jmhondpg,Weak
lY{U>FI9vqz5|R,Strong
qiSd9nB2uw*8R+kpz]X$Rf9>k.8Q,Excellent
xqirgja7,Weak
79vkqawmsj60,Moderate
57ytrcfhwn08,Moderate
28y4WEr}]delC}FP,Strong
?d=17bR43yrUJ5q!6qjdnGfjhg,Excellent
zvf1^S%U#yV9jqCA3,Strong
!F5871R1NBi#Ymo<apvev7ozaR,Excellent
997382720,Weak
nnnn,Very Weak
g1ylWj5|iJt*8Ee4U6XgP9!;o,Excellent
rjDr_kR49c$Te1a8btPcBEb-ur,Excellent
my22,Very Weak
Jupiter783+,Moderate
9Xg%S{0=$2,Moderate
7574,Very Weak
ik68,Very Weak
hd@8u7I|(Y.,Moderate
Qbcr,Very Weak
3159379239,Weak
ewcemhqx2,Weak
RQc)>YS}NM,Moderate
7-5FSXEi[.W4dHc,Strong
Mo9F3hVeN|Ug5>5gixeuhbmv%,Excellent
kpcyzb93,Weak
Security57(,Moderate
wyc,Very Weak
n0v[7W0gx|rI1by1>(5bA!KTQa,Excellent
]k)0Fz$LCm,Moderate
xIr8isVIGi9*9cnnf}c55JM[u5,Excellent
7p^wj0+v8=,Moderate
zzzzz,Very Weak
fzkgjoqi,Weak
Security39|,Moderate
eeeeeee,Very Weak
|Kw4xj]3J!cvPR5O,Strong
vO)F&MzQu6es-1,Strong
G+N%;RK>WH,Moderate
Eoghistwr,Weak
ab89,Very Weak
Vati,Very Weak
michael490,Weak
LidW{wrfv4qwwR7rTh|>b0V9mW,Excellent
uyt.2kbZNUbnEBT^u8mo0m2h?i,Excellent
6772948313,Weak
]gT8FM8r|flO7;Hpr,Strong
94AULchjy=rR$Qn*7,Strong
michael185,Weak
",lE9W8O<P^=",Moderate
RTd##v*344jQGulAKfE0e*hQ],Excellent
XnTdfBw3+Qe,Moderate
dMQ@2}X;rA,Moderate
mqx,Very Weak
081323,Very Weak
sfozyje7,Weak
Lhicjfjxv,Weak
Duh,Very Weak
Peunmfhk,Weak
dragon537,Weak
kk:O.3yr5v8Dwn)a1u8ywUorL,Excellent
xuedzolj2,Weak
zqwjzcy74,Weak
RXmm7#5p:TriXy@8P,Strong
)e{@imiu6lGzKAs59795dZKbX,Excellent
master513,Weak
D#Wc.?-mTPA,Moderate
"z|K16vKgxIZ}tY,6c",Strong
O31C8abed{7vn!hqZD07jL+M,Excellent
Hgjzz,Very Weak
Bhsfwkdtp,Weak
dOj5NG!mh15;yJ=oNr7l8e%(F,Excellent
Yorcdshgc,Weak
pBpz3P*A{l4La9=dN,Strong
NV)8U9ZG3R?j(,Strong
Phoenix609|,Moderate
uetw,Very Weak
vD_i<=Sn1f74yO,Strong
(7|4;QyTlU8uUgdgO,Strong
8187186407,Weak
"k-AsPceZJ2,",Moderate
emf,Very Weak
xmbhlauzied|,Moderate
{Q>ynkcT1Ke85gnRw*q3dISu,Excellent
rRRC&tcqlUms)c7jWA39cg|6pd,Excellent
Pidam,Very Weak
.u&qzFgFC[X,Moderate
rcyom54,Weak
Dulhb,Very Weak
Xchvobzw,Weak
a=O?56MlWzAjGfkxw2ie6+22p,Excellent
86xahqfzdy02,Moderate
828582941,Weak
71813,Very Weak
"66Pgf<vB6kxq9Ydcd7A<,dQk+V",Excellent
yel,Very Weak
Jupiter859$,Moderate
"_U67$eHeSsiLi8T,",Strong
sN@7GE4u]zc%rK5,Strong
G!u$:rExd2MtZf67,Strong
mctskfjg,Weak
xat2QP6zEo5,Moderate
78wopurnsf95,Moderate
012,Very Weak
Qu@3)Kl)#4u,Moderate
michael283,Weak
Security93;,Moderate
nalxoijz,Weak
A7gqp6jEr4Lay6bqzMe;5yK5=&,Excellent
RU8p>YsT@d)gaK(,Strong
>X}6zS5|6}SOxp)bl#U}tMjqF4T,Excellent
9D(hA2UxzZ-@2YJ7t1X1iciLrYr,Excellent
$GqMyg=mc066n6wDbbiO4cl+x,Excellent
xnvCT85U<n>o&kU9W,Strong
br61,Very Weak
zcupefs4,Weak
yzd,Very Weak
Jupiter703=,Moderate
dddd,Very Weak
0n#doaPr72Y+C<1Qg]$EIkYO331,Excellent
7o92dgRdmm=J7pafyya>{n4XGz,Excellent
",1lmg8AI%NY<sh2",Strong
.zp0*bR70@SyDt5rB.13YwiAl,Excellent
H_gLcEi9Jf|D14o,Strong
569663952,Weak
_D5CM!aI4l[On#,Strong
A<mx29N4K6xxj#;p6sY@b{^EGX,Excellent
FbXzvLk[hTea,Moderate
jessica503,Weak
z88oZ*&_v-1pw-QfQqRJ28uefi,Excellent
ArT15f5}^F}4XuGP)(R:sz8Caj,Excellent
$08ursF4HRql]HDo!,Strong
AG000@Obo)MfUhv^,Strong
dtgz,Very Weak
u87O3*T}Yr]4VI,Strong
dj16,Very Weak
amdbugqh2,Weak
gdncjtofu,Weak
",Kv1dxoa7S-W;L(",Strong
Wjrp7c29SB<h.D+,Strong
Upohfzxt,Weak
461,Very Weak
PA9lL8po@5@Qcw(uS,Strong
4EoYy39<Fsn<VqR]c,Strong
jkqu,Very Weak
ky&6R41*sEy4rfT[tae21iuWWp,Excellent
Ziofdouwi,Weak
"1Tb4rsK,^zCX8paV",Strong
Q+RSc_gkF1,Moderate
"LC6nbU[gnz7_VXjnde7,;7yPaw",Excellent
286,Very Weak
zJ7TR]2|4mNge.,Strong
949,Very Weak
0Z8hW%6v>VF:!}7[TeAMl{Nol5,Excellent
ykhap6T7N|:Tx1?N8bYdpuh(4X,Excellent
6Q2vh9utvEcITu*t8b>^6kwB{,Excellent
IO_31jn8F#XLGq,Strong
jordan374,Weak
#qTxrBOkcF^Mqrw*512rjO04gl,Excellent
vxf,Very Weak
&aoQjloNH9Pd1w2u#w:Nul07,Excellent
bn34,Very Weak
4772949292,Weak
thomas149,Weak
qn24,Very Weak
YohY%9+agxS>x9kyO2X2pu1o,Excellent
qU86VT>+3&pxhOa,Strong
21277,Very Weak
fswulsn32,Weak
ui53,Very Weak
+wv:uf)_[9H,Moderate
"7,90Cd@tf0dvc8iE1Nebr=qSaC",Excellent
Wrdh,Very Weak
S4u6XN={4IAGb5(,Strong
Nkdjt,Very Weak
nA?6[iAp!qS,Moderate
G$)7-Ma2w95,Moderate
Dpo,Very Weak
E4;_6XV9;x,Moderate
GZsld03%YkPGt@u!(iw6d9wJ48,Excellent
Ubyc,Very Weak
"TDgp6!HZ|B,",Moderate
M]SPN?94A;w3wUK,Strong
yqey,Very Weak
9859,Very Weak
Wdiyf,Very Weak
ranger116,Weak
258086,Very Weak
Xm#82e{2pUbc4sDzaokiP73:hQ,Excellent
6l1)B(JclPY,Moderate
5lbveQeQn7Hxk059_Zk.X;[og+,Excellent
Urf-1INL?]VP<MJ,Strong
B^q(YGhNXr:,Moderate
ooooooo,Very Weak
pvgoxiwj1,Weak
Vbds,Very Weak
f.XQIoW*y0u|O7h3,Strong
iusqh36,Weak
3752886417,Weak
df.(Sp#7Nxc,Moderate
i!Cnf3dhr5FwwS3r@AGvTg0^t,Excellent
Thunder314:,Moderate
mvxjk,Very Weak
qmxbsd10,Weak
a2G-5gpXhka0c6BQ)#tawuq4q,Excellent
"Oc+1sJIeQ<,",Moderate
Pgak8tv2+16uiYnmX(iyy(LBg5,Excellent
kawuz,Very Weak
Mqda,Very Weak
Kt<2Dp>LJ4A*gn,Strong
Security16!,Moderate
Security04@,Moderate
pDSu[dzr2q2l8ubJ%M0oo7qo:p,Excellent
:5kW6?s8Le&nGxie6tnBgq72Z,Excellent
a1JX7z3Lctu,Moderate
Zthzzldks,Weak
dJ-1^C$c9vL,Moderate
N2W1:zS3Ontq[!dG,Strong
oU9DR>PEmy1@{}I,Strong
:>eAj?_5Po,Moderate
ocpafeh95,Weak
8K9*FhbH1udjG59srxKDim2}$y,Excellent
guest,Very Weak
irszp35,Weak
Xmc,Very Weak
(KBfnJwi*;v,Moderate
ydrnhoem,Weak
7730,Very Weak
"Sk)Qvt:tudBfG6NDA0|Ypd^q$,-3",Excellent
ey34#I)jpBD}o6Fc,Strong
ggupu,Very Weak
Iq2arXCS*=9Jz<iaksg71t7um_,Excellent
bj01,Very Weak
3BA$hWDM)TU*}N,Strong
Security73?,Moderate
lws,Very Weak
[gM)SA7z@%,Moderate
3rg*-mReWJQS04!es,Strong
jordan238,Weak
CTl7@5h8D@A|baXl,Strong
Ciztbjenc,Weak
jessica401,Weak
3<#j2RG=Xu9,Moderate
Security57],Moderate
]P7=a2Owdx5cc:JK+lgwhxmjA7,Excellent
jordan706,Weak
Mpckjeqcn,Weak
0SlGL.rG<M8=sjm4i,Strong
=QV*3FKEN)gy0x,Strong
",|<giXH]^>D",Moderate
yls,Very Weak
xBZn9j1S:xPh7#Q&,Strong
34044,Very Weak
hq60,Very Weak
ranger352,Weak
MLokaF[psgdV,Moderate
Phoenix627!,Moderate
kbtjip75,Weak
bx58,Very Weak
EoxqSH9Rm8<ClELe!Blh(74o,Excellent
faZqxSnB*Mt,Moderate
thomas938,Weak
c5Ae$Jtp:TSl7#4hF,Strong
Lc04S.eumpfvcTq]1eyC{T5gj,Excellent
Phoenix163&,Moderate
BfOrlw4+_:8x6QN,Strong
hzniy53,Weak
;2IdQk3NYclg7I|$,Strong
5!U9Yel9S.HN]ccir,Strong
YRq^UA+kIl4b&0,Strong
Security74&,Moderate
1+IlNf<U91#,Moderate
"rCWUORxt,d2v01Go9eli(5_q",Excellent
Opqay,Very Weak
Security512>,Moderate
Ooem,Very Weak
charlie373,Weak
lzcfzko13,Weak
Rlu,Very Weak
hlgerps60,Weak
iz53,Very Weak
">LIV,X=6bA",Moderate
TUQ61JZ?hzkfhv8&{,Strong
hunter625,Weak
aiuq,Very Weak
i&:9ZjtG;m,Moderate
hoazyugksfb_,Moderate
iiiiiii,Very Weak
6)mEy1BKo#.T3dzzL,Strong
Xsw^B<#j}h.,Moderate
"w=zU,A6:q>T",Moderate
83424,Very Weak
jessica706,Weak
admin,Very Weak
"ls9dS8]TauNqsocaL&s,9Av6X3",Excellent
buster79,Weak
qqqqqq,Very Weak
ranger602,Weak
OORxf4BqSwD!e9u|hK#*2zL*mtl<,Excellent
058454,Very Weak
$^T8;n6VmO1Cfx,Strong
jlqhbw29,Weak
qpfyhanlr,Weak
ngq,Very Weak
387133305,Weak
kkfvrmef6,Weak
{ZN0B;lRjW,Moderate
Ynsghktio,Weak
Ewh,Very Weak
LVpj82ru0zGt,Moderate
631675258,Weak
michael40,Weak
388158,Very Weak
bgrf,Very Weak
68gruitbjs72,Moderate
pj59,Very Weak
!Fvh#3%|3FdWzr)0pzl$a0J9kGV,Excellent
"^T7klXsvbt^U8[NRihoy,S1<9o",Excellent
azkdI.7^P$3fBVX,Strong
Mvmnvxljr,Weak
e*1aKqDZ^J,Moderate
",sa:q>l<NJH",Moderate
qjury,Very Weak
eru{h4T=0NZ*maQ,Strong
DzFpnp_XnPiZy9bN3:89|k26z,Excellent
H5Dl0el@5ENjfmjtt6.m+3cu0E,Excellent
Z}Jx8*c45yOh{P,Strong
w3e-SlK07:zGJTv,Strong
Lca,Very Weak
qp79,Very Weak
Ftgak,Very Weak
ranger399,Weak
47duxlqjvb08,Moderate
]9MTb=2!yai5JJjEm,Strong
Phoenix607_,Moderate
huV2MCa{b;q,Moderate
qqqqqqq,Very Weak
qxZl3*4;5yGxPbQ=%SagVde{y0,Excellent
Leu*mK86gnauLhk?Zv|<2p4z0g,Excellent
59chmeugak70,Moderate
KV6mcm8?bs4WXdEm9%h5r&Awab,Excellent
hhhhhhh,Very Weak
wwwwww,Very Weak
mbN]Q82nqeBpRku6*5j^+VNow,Excellent
2544062565,Weak
yPDqu6ov:RbQs2<{ov8]Lk$XG7,Excellent
8e7:uHMlR9q5@d#jxqKkhSf2sp,Excellent
"gc{EvYt*1X4bV7B,",Strong
Dwp,Very Weak
atcpxjr6,Weak
5bgr9D.hy<mXVWK_,Strong
xrtrR1YX7*p-CyhA2H2ws7j=6,Excellent
xO0C_qx7Q1xgp5susv$iftOh!S,Excellent
zlborhmv,Weak
O9nc.6|xDRl,Moderate
wcxmqn18,Weak
#qsdLwzB(2dYse&U059pKh3n,Excellent
"9OsP.cAt,!Yd$zF",Strong
Gdbk3jvwiGT!e;%01gO)Q9#rx6,Excellent
9652,Very Weak
shadow996,Weak
llstbcks6,Weak
user,Very Weak
monkey664,Weak
azwcydd21,Weak
-DBTo*pYF]5i2A,Strong
160910,Very Weak
7eaQNZa9LvW]15i%6xnUgm3@pn,Excellent
Uuirdrvnm,Weak
i8Cv(kuJEh|54<,Strong
heOUrFbBdp2[DoQCP8evpvw^.,Excellent
hunter225,Weak
rqw|FgSj.E8Bt$3L,Strong
Hnke,Very Weak
L<7wsBpi5]Yo;fT,Strong
mRP=}T9v*2dsQw7,Strong
sC&iV7XwB0{d3zk,Strong
test,Very Weak
jordan230,Weak
[m5KhoorDf.0TgnN*3Lsb1zO,Excellent
IPT9f!5gWcBm5wpa4gi=Tx>b3h,Excellent
)U^_D8n{G6,Moderate
ppppp,Very Weak
rtehkic60,Weak
Xs&+!7eJfR4rJbU0,Strong
Yki4g[9H}DA}Ctl7,Strong
Y2_[Ayad*Z;,Moderate
MW0D-2+;fQAX9A2,Strong
3046248612,Weak
jessica833,Weak
Security37%,Moderate
zDJ6v4M3boy,Moderate
=[^ZyKoWtQ27es,Strong
DrU{xJ1?VKOfs!,Strong
xz18,Very Weak
a;yuswV)L@vO9A89M,Strong
SzKNxrjfE@b,Moderate
652487569,Weak
G(:uxwiyF_067oKqAi]CwbD4zm,Excellent
Huhrpxrhk,Weak
lDSJteQ_6:n)u8,Strong
hdivwpgymbj{,Moderate
buster897,Weak
Thunder261},Moderate
Phoenix769>,Moderate
uhoFGlY>2vo>g2NX7bv2R&<c1,Excellent
M-M82us#<YoZwEf6g,Strong
i8{7-SuoKy^3JOaDx,Strong
01287,Very Weak
Qfpzmscpj,Weak
342,Very Weak
Oim,Very Weak
"G{2gt$V5NdNW,8kb",Strong
Security490|,Moderate
aaaaaa,Very Weak
vwImkgJsbX#U,Moderate
@2GF3ZDM%g4,Moderate
hswsyqfq2,Weak
"sO[b<9mMQw.|Dg,T3mA;v)T:755b",Excellent
"Jupiter605,",Moderate
monkey645,Weak
SDLJi7.=!3obR)<,Strong
ec^7HWMAu|>,Moderate
"4R<iD.,LqeZ0Km",Strong
j4v*9sfrErF&bW7_L8alDJ%A]n?<,Excellent
Vu(1#9TC3k,Moderate
xadwz,Very Weak
c6Dr@tV=dY=,Moderate
>t2nNH9bp{yMB-5;b6!j3uvFuv,Excellent
ugm,Very Weak
Mq)3fqUQ9!{teS5Wr,Strong
qbgjxkc24,Weak
"w9B^T}U7,5tmqcFJ",Strong
"8D4r[HSuMy]b2x,",Strong
tnuqcav6,Weak
LPIz#=1s}dF40),Strong
"Phoenix025,",Moderate
oBg7LpfRS}@3@Qk7,Strong
awSo^fQAkim!1KU_0Bi88:!VjLv,Excellent
PR|gp^S*BPS,Moderate
[y7di[Q2#}S3tdOlck9U3GpobX,Excellent
0;iet946d(L+Ok,Strong
xxxxx,Very Weak
vmRn<q;4o_H2KS,Strong
"Security03,",Moderate
lid,Very Weak
rvww&@OCH1gklyy21e@OSzex08,Excellent
VX(gB*xz9McR1v7{,Strong
Security24|,Moderate
XfC40*d:htjLLUr5@,Strong
Security475.,Moderate
Wen,Very Weak
ijftnzv90,Weak
Nyob*D:A+?.,Moderate
K5J]{k?U86bsY0X,Strong
Eruowkpgr,Weak
michael316,Weak
wzmawcp89,Weak
"yYtJ716}E)gQgAS,=R;au@bipr8w",Excellent
fusm,Very Weak
ujmwujhk4,Weak
Sv-kGiXhntO,Moderate
{N0N%Smi_oAl0Zgx0,Strong
gfn,Very Weak
Security793[,Moderate
447,Very Weak
CX6BD]669gjgk@bt7plx$aZDq,Excellent
vGP3o2.ie_EV&7Jmt,Strong
sjarkrb17,Weak
rkouwpqz,Weak
q|N1hu:ZY}r3piS,Strong
Jupiter764#,Moderate
VSt^evs932L{YGhy[,Strong
_y22_tH<}03,Moderate
Security62$,Moderate
9g*LBrU?]V,Moderate
lgtahuxzmrk^,Moderate
rw8eo_jfK2BsB5Xcto+}1t8mI,Excellent
oePe2Y7.JCpA1>2FOhl9EH%K,Excellent
wpXVo0h%ggAuZt4keA[z9Eq<4,Excellent
hdp,Very Weak
YB.TG3;_7,Moderate
Swwf,Very Weak
Security947*,Moderate
v&i4gh8Gri5g*OyYHQhi.7fp45,Excellent
on59,Very Weak
cdmfjqg79,Weak
240364,Very Weak
fN4]oUgvg5t2_Cf7Xg:S0zK7ih,Excellent
9710524,Weak
Obqxz,Very Weak
Iosk,Very Weak
Zctic,Very Weak
V20OLrkM6EZs{h$f394_nq&,Excellent
uv.1)UC3]d4ydNdAj3mxwa7Jc,Excellent
xxzoe,Very Weak
O.)31FbjWz,Moderate
Jupiter426*,Moderate
"KX0gUlwJIv0*r1Lh|4,vbki0p",Excellent
2787,Very Weak
x!NMz8*%fe2THgy,Strong
Dy5f0A-(oZ(3IxVig,Strong
Jupiter698(,Moderate
U?zlHpVnowJ,Moderate
0N9b7w9|V}h,Moderate
^_X7W8V[eAgfLn,Strong
AQ):s+y7Fr1,Moderate
zpY6#JnvK@G,Moderate
3I@|RV787ne<BRi,Strong
"1l6x8xxpP!3zgRYR$m,xh8Aq",Excellent
318412231,Weak
$F?j2kYLcs,Moderate
405457770,Weak
)15*RkWbSOhzE^X,Strong
Lcf,Very Weak
KYlcqp)hBxDw,Moderate
fYJoo?CX[9*,Moderate
wT6micK8x2fP,Moderate
"4,bD$HzH4yJn1;zsD",Strong
.j#s|R:ND9,Moderate
u!xNCtKwqdO,Moderate
tttt,Very Weak
h1DEzNj]tPw9.?,Strong
tfk,Very Weak
(hilU=AmQ9^,Moderate
"yMhq,kHa2p<lLkaO.19zW4tZ14",Excellent
"w6u_7V,N1eJt[c",Strong
Sqqbs,Very Weak
S8NsHf3e[?RnadzI0ML{Y14m^TNP,Excellent
"Ws,bLgzd6^3Y|j1",Strong
"v$aIN4,LBLW",Moderate
x4}.gC%p_1V6205Mg3cdGIExIfE,Excellent
Security25},Moderate
buster727,Weak
C-.4*dEtH,Moderate
root,Very Weak
OCza$L7rdS5)Lgs&5,Strong
Jupiter145),Moderate
jordan840,Weak
"rIuAQ1,p=j7",Moderate
bcinm19,Weak
Jupiter245!,Moderate
"&W,-ORZR}E:",Moderate
dragon10,Weak
ccccc,Very Weak
tdjcus35,Weak
charlie674,Weak
tWg4>VPo=UR59z-,Strong
c}.hD7b=J4lWQ9,Strong
70yzbaiowe58,Moderate
Phoenix621-,Moderate
+Mhcj<5m4m0b4K0C.ZMk7@Hsqq,Excellent
Qmgls,Very Weak
Oghz}E2S1f%i6M?yV,Strong
Phoenix716(,Moderate
;E?8MuYb72lgsJf<YeS%f9z34,Excellent
Security839*,Moderate
bljpl,Very Weak
1872752764,Weak
s1la#@P8Ft&wEjY7,Strong
KXo9$6!y8ci7JtYgxxjq|CkM,Excellent
!LAQz?ccSnk*0g21r9LyiK6qqg,Excellent
<7vza$e1NXUloR2M,Strong
Uiusxzuox,Weak
83fynvlupq97,Moderate
.E}t6cN:H6I,Moderate
"lY,9spiXNe45dn1s>Z9%b2yHN",Excellent
tuuvqhtr1,Weak
RE8p+gfxG8A_t1X@,Strong
"l[A^R*Wh,8",Moderate
67mgfpjitu48,Moderate
7j*uTJBx77QdpP$!,Strong
rmzi,Very Weak
Humb,Very Weak
qq48,Very Weak
Jupiter206*,Moderate
KTY:o+.wdm,Moderate
2504103060,Weak
Phoenix875(,Moderate
ooooo,Very Weak
BbkCZpw!5$EzchS5d7Om>gqq3,Excellent
yryE9gBeq3v+hINAf6K@.4f8br,Excellent
98qhfvgwcr14,Moderate
V1dN&H?f27,Moderate
56CQrA(_ij=sWD8,Strong
chneftr6,Weak
master658,Weak
pckzh20,Weak
RQ*$[tBsB9x6J3agg,Strong
Xrcysdcty,Weak
nkpfri59,Weak
Dyjrkqycn,Weak
"I;]94k3lslZ0BV2Ld5kpTm,sn",Excellent
qDn0RJ?.z5x>iE1bD,Strong
gpomvi08,Weak
pdrvtvta8,Weak
michael542,Weak
aQCZBD6c6m7[m;c!,Strong
:e<lH0Qh^cM1a7ybaPs5vsL9,Excellent
"SM5rsxa?Cvud,+ffikHz0ht91A",Excellent
EIU!|@mvvqY,Moderate
l5v0BpCHWe-7|y%,Strong
hunter488,Weak
jf41,Very Weak
8S4(Emdp1HBr|:kzS,Strong
txTJh+>mSYK5md?41l^QiIu#A]bP,Excellent
40raicxutm91,Moderate
?0?WDDF4;3RKONS,Strong
r3Jo6dj^Co:83rXxed1nI>yD,Excellent
nzvtw67,Weak
1BV|KXY<#l2pjm,Strong
"3,n0c}8Ymgl,SAd89Tm2xSmyd",Excellent
abc,Very Weak
Jupiter690.,Moderate
6744211583,Weak
"d5-z<,y8RGib9xCJ}vKpH9V|wK",Excellent
thomas714,Weak
hgqxj64,Weak
PcmJ5S4gU#[Wh(6x,Strong
Phoenix078:,Moderate
Kvawm,Very Weak
di51,Very Weak
14unaigmbw98,Moderate
Hprig,Very Weak
s+@ktYt*RbP23an99oYWl3ew9D,Excellent
j%dbAk3W$h.6ZL,Strong
eeeeee,Very Weak
vvvv,Very Weak
2Q(]AAkHgekDd2k#RaZ4%A6Sv5=J,Excellent
B[0lem<JgO,Moderate
51606,Very Weak
eeee,Very Weak
"T,3rA(uR*OAh5r4hi",Strong
pk13,Very Weak
8043,Very Weak
s;{XYv%0BuL,Moderate
dV}aJ_mxMK=,Moderate
Gid!E#oQJg>,Moderate
hunter742,Weak
Ntbmktvar,Weak
lxpqyri9,Weak
dPQ1R<ha53uvg>jaUCfzw)8S),Excellent
"etlj,aMnmFrY5Hbnz#nnf872G?",Excellent
746308829,Weak
llyw,Very Weak
YC5l1p{+eGhwD[R,Strong
"A,9Im5:mUlHhCrPkryd4SZ|uoe",Excellent
dragon916,Weak
"e1d3Ps,$g%YO2FdH",Strong
656,Very Weak
uv80,Very Weak
ui27,Very Weak
m6c!HZTG(DAK-{B,Strong
ksc,Very Weak
z;ozj^z6OmtMAz3aV]k{8IFws2,Excellent
michael25,Weak
password,Very Weak
tkv|is84dkCVT9yS2}t:Mh%zD,Excellent
vamqmjqi3,Weak
"xlbSq-f,HKd]N60",Strong
2025,Very Weak
buster267,Weak
iR!EOo9me;95ZCrl[,Strong
Yrldv9XgB5}=co70Fj8fv(9TwQ,Excellent
"K%fPqQB7zs<x,C31",Strong
w}SR+mRheq0re2n#97f5mn5Dbg,Excellent
seqog52,Weak
ty95,Very Weak
"5Y+,dKAHw2",Moderate
eQL_$NHj(U>,Moderate
mvwghfdm7,Weak
nB<EO^%MtD,Moderate
7621726434,Weak
Dewrgrenl,Weak
dl34,Very Weak
rd93,Very Weak
hbqix43,Weak
thomas186,Weak
kkkkk,Very Weak
drhexqa7,Weak
hfzt_rO[NuhfzFaDkM8w5h=k87,Excellent
29385,Very Weak
77H^Ic;.9WS93P,Strong
mxnbn,Very Weak
4RQg))t]xOW,Moderate
42ejzvyhrw65,Moderate
tNXsXpdSaqp6!|8{;9dGLncp2g,Excellent
michael252,Weak
michael403,Weak
Jupiter604^,Moderate
Kafpncoka,Weak
:ERjV_3ZibP[d{G,Strong
M3aq90H8a0AhRBev7x*y|)fMb,Excellent
EPi1eVnnA1p#h99!lc]V9h=sKe,Excellent
pohmmppr8,Weak
Vqphc,Very Weak
"hx>Dqc40t]w8iEl,Q3Qg0vE#j",Excellent
fKJ#nL|=WsY,Moderate
{MHNb)c7Zf<lK8,Strong
Cpz-R$6yl4oNi3Ue6m<)x*yU_GLO,Excellent
2fDi>ag6Du3ZoX5.6kqrVQ!Vup,Excellent
sN#)54W*ZMq=ER2,Strong
ibzy,Very Weak
B3W$yzJD7ae2>Fm,Strong
Iig93|Qev9|fNR^mS,Strong
"5r23wP|d_]mYA9,HILoi0P!Z",Excellent
hmizg,Very Weak
rqwfy75,Weak
ojtkicemy,Weak
huxS?|_yLi5K2qW9E,Strong
sezacdyl0,Weak
Gutulfrjd,Weak
oczh,Very Weak
04hvjcpmtn16,Moderate
.x5Lr$qR0g}iT2ZV,Strong
(U]5n3CJ}G0|;4,Strong
cmqn&T{9il]rFTsFot9o2zj38y,Excellent
muLhh<aAoad1!Md8m5JOm#6M0b,Excellent
Ue1rnpi3Hl3n2o(KuM|VF2p|,Excellent
uuuuu,Very Weak
4107697011,Weak
Vsvcnrino,Weak
Ialgbxhn,Weak
ranger109,Weak
Pm(>nX*Ozy8C6uG,Strong
kg86v|49:o[5JcnaYsx2ncuVxR,Excellent
D9_BAnL2ll1]G)hc,Strong
kvwzono25,Weak
Phoenix821>,Moderate
Wjf,Very Weak
$gkZzbfHjYc.-Mu3s7e5EbQ[4>,Excellent
gVyshG7]U0Lu(Ohkg1qyG8f9c>,Excellent
;4Mv;>56Vej,Moderate
Rwsz,Very Weak
hmeavl54,Weak
A6p+;V(:[3_,Moderate
Xr8%d8R:4#SojvHZ,Strong
"8eD*j<-s),z",Moderate
hunter843,Weak
2sd(5YlhiuT@mG70Mj)2jkdHa,Excellent
Ghrykyzio,Weak
qm62,Very Weak
Fql6I&0wJD776NXUZ}Zf1J.yuXK?,Excellent
Jupiter910],Moderate
NVvD_*[0z-9,Moderate
nX8GEHm4ky{[6r01S&iM7xsr,Excellent
kk51,Very Weak
7885,Very Weak
7EcQF%{BXeFYS4(,Strong
sbeogww99,Weak
0055,Very Weak
344046,Very Weak
7h>LYP-ALx8,Moderate
2n@26IUt_0gT@nfnaa0cpTJnx,Excellent
Rdz7<4Ilq6k*+S,Strong
Dvi2q&y8S6Z%]u,Strong
lJ21nuz7H+m0$.lxgT]Zll1Pc,Excellent
aj54,Very Weak
2ElHz%dzlyiw7i3iZAr!uk9?m5,Excellent
p)q9j<ReYXi8G0[,Strong
njmqedb15,Weak
gdgq,Very Weak
9gO!Xq42%ydNA$r,Strong
889,Very Weak
mMp}tiauVue@G8fiWi3#w5p1K|,Excellent
Wynv,Very Weak
vvvvvvv,Very Weak
kyflsOJ}:*U,Moderate
bFI|:gMmnTux8[iHj2zk-fDwVhn,Excellent
C6@c}-0^ZN7,Moderate
jessica582,Weak
monkey848,Weak
phpiabi41,Weak
4493,Very Weak
Thunder195^,Moderate
59461,Very Weak
97[!xEpN9oCoOmD^,Strong
uqGF?=T19L+yvR,Strong
blfupd95,Weak
Zszzu,Very Weak
0kex9APLCmi-1&{,Strong
"}O,V<9AHT6",Moderate
SEg2xz+v8]1s_c3eiAiyd2teT<,Excellent
ldwtxzk41,Weak
499225074,Weak
20P8NIYz]^TVJB,Strong
Thunder568.,Moderate
H9TvyJw1mr4,Moderate
dcM9=Spk4?X}(Eb,Strong
2H2@m.8:L}*,Moderate
thomas167,Weak
"=_Oi9G5.$l,",Moderate
charlie136,Weak
ghnwguj47,Weak
")h64,Wn:X",Moderate
ok83,Very Weak
|f*t*)DL5S1,Moderate
TVMlqp}2^Lar9*6D,Strong
charlie584,Weak
ah;j&W67p6G4|hgO2RqIcMln,Excellent
Iq5dW>u5fQ|ns3_1w4q4e<muOF,Excellent
49uBzm+{yXk0To!,Strong
yopyfmae1,Weak
":tdE,3HmBuZ.7a",Strong
Ytarzywfs,Weak
Vclj,Very Weak
sc56,Very Weak
a:vju$?zq3,Moderate
"Thunder150,",Moderate
owrtfczb,Weak
v&0Ah+pS6;0,Moderate
fztdiyzi7,Weak
pj4.ivXS49Za:5!o3d)kOfD6Q,Excellent
krrbyfs88,Weak
058,Very Weak
sssss,Very Weak
d9mLx9vv_*0ifGFu3YSjv2m:,Excellent
Thunder674!,Moderate
Security73:,Moderate
8Svb[i+Mw8rlyNv6$0S#RqtvOn,Excellent
JmlOc:nPQ1?{Tz$,Strong
06i.sqnr8LVw]Iz5Np2}yt!rFL,Excellent
2_<[eC_807HAwAOz:6AXx_kij)z:,Excellent
SVOH$5k#_Eu0A=,Strong
V21x5Bf5f!c^hoaKvfQ9No}a,Excellent
guh,Very Weak
Jz+y2DC6]VHgW7,Strong
Djzid,Very Weak
eOl@PxMcB&j,Moderate
bI45tSP)!Kmv0Hj,Strong
",x63Db%HI^K",Moderate
-r38&=rjFMBVjwNq8,Strong
Security43(,Moderate
Nvtrp,Very Weak
"v-nC.x3e6tYr1,L",Strong
T<PL$jv{opG,Moderate
8299299841,Weak
a7P6?9(rKOo[KKal,Strong
6T%L)9tK.42AXZn,Strong
Z;t-4DALUBK_{C,Strong
t8*pmJJydT2Tm8|I&,Strong
hx41,Very Weak
VjnmZ8Hg-x4Kp5R&,Strong
AT6dz5L_.q?B4Emge,Strong
v6EJj{P+Ni31SmnWuMk0wwg|T,Excellent
h95eqWl8IaMd,Moderate
mslhs,Very Weak
lk0L4hP*9wGANi:l>,Strong
40qsHg8eiBW,Moderate
"930*EAi$,qNWuP1",Strong
rhqbx47,Weak
azQK#%6jx22wFp29hfjRvqG;1m,Excellent
Spxfd|iueD+1:zB0r38mxIyH6,Excellent
mirsdo89,Weak
wgnbzrqa,Weak
Ebwky,Very Weak
Llt,Very Weak
wwww,Very Weak
sgWD0HJ3b>(@8yP,Strong
51214,Very Weak
pFDVjqW0<VklczR?o5iv:s3@c3,Excellent
ngm,Very Weak
"+2VdzDi4@AA3mb]7ip,BamNnNd",Excellent
Mkb,Very Weak
L|]+3Aaa9fvdIKRx3,Strong
iiii,Very Weak
Kcyq,Very Weak
021248299,Weak
@Grd}(tAI|q,Moderate
X:&p28Kd1M1PDK_,Strong
qe28,Very Weak
jler,Very Weak
lwgoqyp4,Weak
"{t?rI5kRW9cK5K,+H!LHpit7iF!",Excellent
jessica926,Weak
kBT^Pu4+<0Kcyl1I,Strong
pHSq4feI8H9>R1_qsqEl3E*,Excellent
Ugajkoket,Weak
Hlwglfyyx,Weak
6oixwTjwdkfUx3RJ-r^@8F_I0,Excellent
2OGp|G&R3Y%,Moderate
aykervm0,Weak
!:fPqlXY3Z4#As,Strong
N<tCG4o)m!muin}4fuZ53nRzNy,Excellent
9uViAwg-mcgl35<rn-8aF2VqjR,Excellent
Security69&,Moderate
WOf9&Dy+zV,Moderate
Xr5]_aMW)49V7J,Strong
BrQHvoye.6Xf90<,Strong
7jJx^D(RxcGH]7w6w,Strong
sh09,Very Weak
nvsaIQ3Pv!90!I:C,Strong
"]w4oHdzdfM,A=%&H79DI2BefPo",Excellent
vbww,Very Weak
keq1Zi[.FR^Wx4B,Strong
Knlr,Very Weak
hpxoq75,Weak
I2gv?g-Szimep79fiGPzI1_5T,Excellent
Jyqdc,Very Weak
buster849,Weak
580072646,Weak
400285,Very Weak
master,Very Weak
rrrr,Very Weak
Fdmbk,Very Weak
?sW(XpNOAlaqOAp0WAI8h(G7529W,Excellent
2g@IxL37[Br&tnmH,Strong
k>PcF5]v[7Via4HzGos21nv*E1,Excellent
]vdff5X0Dhv6m_qHP44ab8Jk|,Excellent
ZR7C({N+[},Moderate
47tmunkowl25,Moderate
Jf%Q|$^lwV,Moderate
wde,Very Weak
xz13,Very Weak
Grrgv,Very Weak
;Rpc]qkrKy9y2fe{fb5u0Kw$JS,Excellent
^B1j6<>NWuhM0t,Strong
x6!R5k@4jzl?PS,Strong
aaXm<s0l@rNs2ub5Dr=yyRx8k5,Excellent
monkey873,Weak
(2@jyUT)E%3,Moderate
q5poPyx6Vs>MotDD93|0@plta,Excellent
4969,Very Weak
Lmgf4ZS;|dxO@D5p0,Strong
Dt=z[LN0cY]M1qa5d,Strong
U[v9-hKn30TnqF*A,Strong
rrrrr,Very Weak
vpkdzlap0,Weak
Obq4.13*xATkG}vE,Strong
UsOv[{.swq3,Moderate
x_Cjkx3znqh8lOleY9JtH280]-,Excellent
qJ:o#cQI{46,Moderate
rqK90FweMn8,Moderate
X$.EIGWM]3,Moderate
kg6xLNttT9y0fD#v+9dwu|lc<Q,Excellent
sn88,Very Weak
mmmm,Very Weak
3dc.Qta=MI,Moderate
JjD5fAvz%Us55A9u8$Dq$j@zg,Excellent
004359075,Weak
(6qp}F:Ex6Xs7RRh,Strong
michael373,Weak
12345,Very Weak
xngw05aikQ(8H(f2>sS@tw}K2L,Excellent
75lbxzithu68,Moderate
378440,Very Weak
FXGzdHVmWy?|:]5,Strong
jnWKpY09Lnt1e$hG{raQ]AU1)O,Excellent
so17,Very Weak
Qt4[7IujXpl!2<,Strong
UtoF276Xo)bv]WI!,Strong
I-I5D2&H]#c3f44srz2rppByEm,Excellent
p!=W86M0]o51_^,Strong
?Qv_{ZH};*p,Moderate
Xyse,Very Weak
fmbhcjedi,Weak
sbb,Very Weak
IT.zF2mXj{>5Nd,Strong
l!0Xf41[XWx^orSV,Strong
xr05,Very Weak
4WG^s_*lB#,Moderate
72mzvlnrjp49,Moderate
Ircvxxqad,Weak
wczkna48,Weak
Qg2|MSs6fj?s!d7oQ9rjujV2G,Excellent
>0NJ_?vxZ19(y4,Strong
Phoenix135.,Moderate
Xecnq,Very Weak
563434,Very Weak
ifoety17,Weak
C8gdjef6DmmJnx8;B}F9bgLn<,Excellent
LwrnW?zQ40&E8K%a,Strong
]?pMrs}2]G4,Moderate
nrewNzvp246is^_1gUw|fLz7cQ,Excellent
rx36,Very Weak
thomas909,Weak
gdyqlorxi,Weak
qlu8TK8.G<ha$y3JX,Strong
lllllll,Very Weak
93M=J[4AN,Moderate
-e_0E3rhd@A7Skr|z80CU{Oufs,Excellent
d1Sp[6lJ.U|rMF,Strong
pppp,Very Weak
9PC.IX-80E(GU|Y,Strong
vRwY36vCm_OrS|.2,Strong
w3*7xMp6VXLio=T},Strong
hxztzrus9,Weak
hLq?tMC8%D,Moderate
aquiqqc95,Weak
Rl&3NXP@9M1{J,Strong
sfovqwpycez?,Moderate
Xipri,Very Weak
lp53,Very Weak
7495,Very Weak
"pqkmulzsvge,",Moderate
Pr&Mf00hW);5h#H1OPSLuherxJ,Excellent
eu_o2]xjbI7b2rG?FT06pRUa,Excellent
|L7lpWu?2Q%ecbo#894pTpFcdh,Excellent
alfcbzukqhj},Moderate
master647,Weak
Thunder659+,Moderate
tywcouv2,Weak
Security465&,Moderate
4*AbQVvubLG7;#4t,Strong
Security760?,Moderate
YqnX0peW}{W5sI?0a,Strong
9=HD*ctAq]bjP07,Strong
[bvZ$duC4bd.aKh7fbg50i2PE,Excellent
"8!}nA,kcxzl23Dy:nD?WEIRArj",Excellent
krYj!?5ai&8b0ED,Strong
wzboggtr6,Weak
8902,Very Weak
z&*;vEWkAdJ3Gh7)>k1e^gDpMiIf,Excellent
yrX30eV.{v(n3WEwW,Strong
T571H_zqe.=Jkb,Strong
oooooo,Very Weak
snbO(I10{Abwfbq9:fv41uBCk,Excellent
Jupiter391!,Moderate
qhdnp47,Weak
Phoenix180],Moderate
Pn!ft5qU93vEU#B>,Strong
"NQx,y}^ueHP7z77Cb",Strong
"V,r71fg@aUSZ4vA;",Strong
awR]06=m3pK2i$lyJ6r6iJlYXd,Excellent
thomas982,Weak
&QC%ls<t8n,Moderate
Av@+WjKpq)7,Moderate
Zytfn,Very Weak
#6V<08Szl]D,Moderate
32)G.Ta7$CgWclmmA,Strong
jwudlvoy,Weak
qtsfl,Very Weak
l60lQ:puawt8TQ<R[JmyR38p,Excellent
rz4YJYha6tn:rBgzfX>xc86b$,Excellent
hkdcob30,Weak
wzxXzdU2cN_$8Wvk2dqc7S-q11,Excellent
molqae12,Weak
lcnszuq97,Weak
1652,Very Weak
?gxWN7Os>8a4i&,Strong
ranger770,Weak
yFpE3}ev(Rd9Fv1*V,Strong
ok03,Very Weak
4996555396,Weak
Jupiter891!,Moderate
.;t8nVbsooWjG:d26Iia0wdh2,Excellent
wgp,Very Weak
.jKgL8Thx<5(OR,Strong
"pS#zA0xtC6%8Ie,",Strong
)<FVuLbd39zEmV21n@G=0xlq9a,Excellent
2xJ^NSPVT+@D}A,Strong
MhRPhZ]d:{*519egf]h3WEb0ng,Excellent
10zuqnofdb36,Moderate
@a5d4h7C3OB}8g,Strong
zVa58]s8MQev<:MXJ7.9(>HsvK,Excellent
Rfm,Very Weak
vWz3b@oidX7pB5!R#ricb9cSll,Excellent
ks-.x176VHA0qbW[AdcTwyl7i,Excellent
Thunder971.,Moderate
uGK40bGuohxw.6S9Kkzrs22{:b,Excellent
V3<7d>L{O4yQtOkh,Strong
7aU6ZP%fWr^4p_qIv,Strong
ej+3bnstld38q4Oh*jg%Y9xQnQ,Excellent
X[|wz5P{?s%%9O7[TO8)8NNeqdJ,Excellent
zqwg,Very Weak
charlie386,Weak
"Z,2eE6r?n|c4b9y;HLKkdao-2k",Excellent
"rUK2OcIi@,F",Moderate
j5z&[X6{3-S,Moderate
379085,Very Weak
revpa19,Weak
Jupiter205$,Moderate
s1Hh|gUj01kY:6&T5vl7QwP{yg,Excellent
24539,Very Weak
"3$rq,4qgMIVoatvtaX6y%3OpaK",Excellent
Xhuf,Very Weak
rqcuw,Very Weak
ml9MC+uPds3ok2H#q(0+uUFgp6,Excellent
jw44,Very Weak
S%WCeHz)s@F,Moderate
L?9rce1;(:u3$vTmbLQ+w1}ZzQ9,Excellent
ranger465,Weak
PH14FUBXK5{0++,Strong
"DV7iEAL0)+,&R4C",Strong
5xKNJk!d|C7=4tdnT,Strong
Security974+,Moderate
Jupiter852],Moderate
xajik,Very Weak
8149,Very Weak
Xlkrg,Very Weak
cgoikqj6,Weak
@r1%bNYmmqv4fovih6EfrH|yC9,Excellent
148088,Very Weak
Y(*22ZRF.{k,Moderate
HO-DN7e9uqg7az<rv0ukjGq3=b,Excellent
>rxsd.pMvYYU38Qbk75ivC9;te,Excellent
Kb5]gdp!@S9QMvP9u,Strong
Tf4B9cysh6W,Moderate
n8c29cP4$78tknfWZ.Sydtl*eq,Excellent
rvjmi46,Weak
S3mBu94^VHu>fb]F,Strong
h]5SGsIP>Mh2o6_e,Strong
_8=fZtE^5!m,Moderate
shadow40,Weak
ai69,Very Weak
iy?F7uHNgoe{C!6,Strong
ton6x(1UsNrMw71Wqyl%^pJ5^h,Excellent
23877,Very Weak
dyXJqiL3ovmUPA6O9x><l|}Z}vG,Excellent
7737859831,Weak
cjfkb94,Weak
6DBs@PhZ_88,Moderate
$F^8:6BD(%Y,Moderate
^ULlon4f5BpkcinX]0Ocb)dP4,Excellent
afwjns92,Weak
hunter764,Weak
mld,Very Weak
cp&EJlUK$+V,Moderate
vepdwsog7,Weak
JjBs!Gqsw0jTWR9M<>@xTc6j9,Excellent
Fbkmizqh,Weak
IB6?ULke2h6;-Nxi,Strong
":;A2yJonZ6b,GQ",Strong
ranger879,Weak
te40,Very Weak
ch11,Very Weak
6oc6Cs(Rr-gB:D5M,Strong
9VJcEXYLP6Bs;$,Strong
14hg?3>7k0_Qecn,Strong
r88L<n.@ggQGxU|bOD4H59;j:j,Excellent
3DR{XBP-40y)YQ5iD?xpc19hSWA,Excellent
lhauq,Very Weak
5416,Very Weak
hq83,Very Weak
JC;3LzQ0gw$u|uBi0,Strong
cBD2u2hlOi$)GD+8,Strong
y09MCk4bP8Q]o0@qQgG2wak?c>,Excellent
%w16XqgXZJg(Zet5c3kp.z1ie,Excellent
fna,Very Weak
"kw{[NOi,Yz",Moderate
B24^8CX|6L]KizJ,Strong
wqovfgp8,Weak
zzrso,Very Weak
N2.hI)M4>z,Moderate
",nLx65ZS83",Moderate
Security164*,Moderate
7f5U2nYiP)KKn(m#,Strong
Jupiter265-,Moderate
Wp%f18D}ga2,Moderate
hjh,Very Weak
"+4,IRjmzvG6Lp#",Strong
o]J$L6b93c0DiT,Strong
0dZUr53Oyxap,Moderate
#G2Air^yj=zt#md|KDO9W0UweL,Excellent
"_pGD{r4,!XMEjvA",Strong
O0qCsH>-B9&pjppF3,Strong
master288,Weak
qivmd23,Weak
75750,Very Weak
777140358,Weak
z>=]8?ApDoZ,Moderate
wx[.)c8pQY!,Moderate
1o>7*SLRu6j]ZvG,Strong
lw76,Very Weak
&.2GS6B;C,Moderate
UyA8P>c7S|#$Xg,Strong
Phoenix794!,Moderate
ojfxhuq6,Weak
Z4P_maqAwWw<qyn#@mr47Q0eS3,Excellent
|6pBI8by8fWlHYdjo6>s16d#x,Excellent
djihy,Very Weak
17861,Very Weak
TU0S?PAyoL8,Moderate
Security874:,Moderate
qz{)Gs8wsZtwg55jUG#DGx43,Excellent
gq8r<{4FwiLxV+K,Strong
"8ipIJ$k]mG5jN,6uF",Strong
D+<IRGQow|,Moderate
9Lj%yPz4DRI3ojs7@te!i6[S,Excellent
Kz893<TAEs_*U,Strong
Ec%?]LzyO1n0MgaH,Strong
$@-Ao9CmFN1,Moderate
d&j+@y8U2Zfb1tX,Strong
nnnnnnn,Very Weak
Security97],Moderate
dlz5WT^2{k9eknevlMY)!OFqd0,Excellent
ql^bcoXZ1X_]pLU11,Strong
|y6#$aTFi75hxRfSP,Strong
B4SyV@_6#8EIHfA,Strong
Security19|,Moderate
eDr;A228;H:aPdnL,Strong
mRY=Es<.^N,Moderate
nDhos5cD^|2C6-&<=SmB2ZkNjW,Excellent
damjn,Very Weak
Opjm$x@G4Iv6.0,Strong
ai9K6^Dt+HyK7Al=,Strong
dUeJ0H6oc4za,Moderate
ptdyw87,Weak
uajvRl<MPoZ,Moderate
gasbtd60,Weak
Zyw,Very Weak
8AgKRti42fm,Moderate
O5Z54g3H%).L2xz,Strong
+2UG:uci97&,Moderate
l17gViBR37>PocD@a4(#9izPW=7o,Excellent
Phoenix253=,Moderate
7}1tuHdR}j|yo3Hyn3l0XK1Ql,Excellent
badwgem9,Weak
master314,Weak
Co3Fs*g{q2PY4X&k,Strong
bo:8Hi[4x;ZYhjMF7,Strong
qHq7o_WLb]#,Moderate
bm?1pCamuDDBeR$!z6pw0B8gI$),Excellent
"X8rZ,U5|@s9uSgaS",Strong
:L|N0uSAr!na6bYe8g:6G(aRB,Excellent
zi18,Very Weak
Phoenix361_,Moderate
9959846832,Weak
3>eY!v&yFGS,Moderate
.5aFgY4oD3cP<:,Strong
zOLItSn9%A(;7<,Strong
<u]ivMhMrf3G-soHH488hx84cN,Excellent
960485158,Weak
buster90,Weak
Eyqun,Very Weak
TUlG=9{^f5,Moderate
Ojmsxcgf,Weak
)43xx>MuYhGu8j*Wfpvb2wV4Qu,Excellent
EnNVIj8{>}*,Moderate
Ntl1GeM}FCdz%[,Strong
Jupiter429:,Moderate
hunter810,Weak
bDZ=NiS#Qg,Moderate
X8yDug<;T9,Moderate
g9n.915Z6cDt:worpEm_h7ephT,Excellent
DyZHmarboFw.,Moderate
41tvnyhqwx06,Moderate
1B^yBUTy?KCK3%I,Strong
95dtfcgxkz68,Moderate
Thunder084),Moderate
zn98,Very Weak
8366,Very Weak
17930,Very Weak
rbrxacsn1,Weak
ranger433,Weak
uY38qHlwP4Zj$R(,Strong
"qH,wnTf3C%U0xG}",Strong
"v8NpA,mzKHaV}w39Rhq1l8>bc#",Excellent
Bbs,Very Weak
q7(!mmIGfh&ALk6O5,Strong
5twuMs9;vdxXOx_2ymGbgh1V*w,Excellent
"1[9O3{C,;KS",Moderate
s7rRUhd5]lf?v@WnIy_3?7LoHo,Excellent
e6*x}H5WJvq7@#L,Strong
Z|4thsxE1RDA(v_o,Strong
fkq5pC8Nis(ke8aIvyv$W+2ii3,Excellent
gAav#mb108ob9>gTrhZ3g%gbqE,Excellent
hhhhhh,Very Weak
x]shjC5C69ouawp2s}Yv1$pGXd,Excellent
RSS#HL><2us,Moderate
michael645,Weak
"GQXRYIYX6,?",Moderate
yz62,Very Weak
039726,Very Weak
=gW4Qr[D6.g8JmIuh,Strong
Cmkmuhrbv,Weak
Jupiter045?,Moderate
Security568^,Moderate
uvqW9=&ZgdRo6d9jCB9uj6:k1B,Excellent
"wLrI[hPWYSki61=,wrmze2]HZ6A>",Excellent
spjilawb1,Weak
6Mh_rq1o<W$jIk8BT,Strong
50572,Very Weak
Rdetrzrba,Weak
michael500,Weak
llllll,Very Weak
263996090,Weak
nSu+kT|c0B]Y1V,Strong
jhiaohc44,Weak
WN1s=$2}c,Moderate
(%P6}D0n8F,Moderate
ho37,Very Weak
xqrdx,Very Weak
otnksfcp8,Weak
#_0M#giEjq1ekvOK5]RiRqt901,Excellent
}7pX#gxGlr85aXz_W1|k5riynh,Excellent
00)|v318ZL7Sqf_eJ_ShRBRg?a,Excellent
Thunder136+,Moderate
q.Qx0o9N6oifdVIqt0;rwmfP[D,Excellent
Kko,Very Weak
ruwqhqjd0,Weak
=pltPf5U&l7r1r47h7*cqfcVBh,Excellent
R8wY]ZX9bG,Moderate
pINJx7M}=@1i7hcgE,Strong
43inruaqxw57,Moderate
Security153.,Moderate
xw$Sn5:0LV5BvpD:,Strong
S8hgUTJ.C6e;3W]7worRfCwt58=,Excellent
Uaxqp,Very Weak
#T$1%4AP0<)l9zVR6kSux2,Excellent
Dyjsaheig,Weak
XuAtdu?Ct1ny98=vew{QJb92X9,Excellent
xxxxxxx,Very Weak
Zjpge,Very Weak
[un]l60jG-N,Moderate
U;wjjGnb|.71A9pL|n3rdraW6,Excellent
^u=cY!d4Ec5uD1cHG,Strong
"xh0uFp6vzuUy5xD=ffP}S9,m8Q",Excellent
sXk;rvc9!tQ.2ur3ecwSdw<13S,Excellent
064540403,Weak
jdxik,Very Weak
dragon894,Weak
309521719,Weak
A.ne=FpSh8#By4,Strong
L7[El?]5Hm&,Moderate
a+jkg2g8@7AE1M_LiazBKp4z1,Excellent
w*f2P)[Ck6KlHA7x,Strong
PmepET-4R)L<o@ukg6EA97tma{,Excellent
Mss,Very Weak
hunter294,Weak
hhhhh,Very Weak
53nszgqlto29,Moderate
Security563!,Moderate
Rnff2Ayc>dYazuKk5k4e-+i12,Excellent
dbx-[PuO2_,Moderate
jlywc,Very Weak
=Y|%VQPH1,Moderate
X&o]R-9wnB,Moderate
934,Very Weak
45pkmgwuqt62,Moderate
sunshine,Very Weak
87b5GRO{Pcq,Moderate
25Ku4s3Y|8r,Moderate
Rdb;agbpjLwj3Hy57%Ad9c-zN_,Excellent
jessica579,Weak
"caFmV2pu9dg4|,Yw-lQm3tccR",Excellent
kxqlehx66,Weak
237822206,Weak
Dprfdhiqn,Weak
Oaqh,Very Weak
Psp,Very Weak
j:3m%ltRAZmB;33qC,Strong
Security41?,Moderate
3Y$_j=xQzvQyrzL_sfiqH73LQZe,Excellent
eq1tyJi]?kLzsg.V;4m6n8Jt1h,Excellent
713,Very Weak
fq18jtkl2v%d(Nh6bQMUrV$$bo,Excellent
497,Very Weak
cfmvlbdkz,Weak
"|GbLHJg|[3weaZn1g3UUYo3c,",Excellent
X72y{x!Rft(C^AyUEv@of-4L@1N-,Excellent
574552,Very Weak
slx3euZN5cP9,Moderate
"Vl,}H65tfWUpA?4g",Strong
ej24,Very Weak
s%4SG}}REHP,Moderate
572002,Very Weak
ja3o2Zaug.9Svu&cVn@N|SzT3h,Excellent
XbGt.l*Fs1-WI9d,Strong
W@?;:^950LbGAE,Strong
Kl0<1Vd8xh:Z+r,Strong
ybTDx{+i)06Qw[E,Strong
Security653?,Moderate
dv05,Very Weak
[1jTxeYv0RGA>*d,Strong
Phoenix017#,Moderate
5?z]BYToElA8.d,Strong
58dshrbqfw30,Moderate
0Bhc0WlF:F8SCWFf1Fniv+?<11o,Excellent
"LPgS2,;jZu",Moderate
XSllFTukF1-p83+>,Strong
tv97,Very Weak
2c@t#oKCv7$GcJnP0,Strong
081647580,Weak
master89,Weak
L+l7WdI8h63k>cPk;qEmNgwdw,Excellent
F+ql1!v]s1f9drPbrH1bhXb5t,Excellent
Phoenix195],Moderate
cBZ(%Is=aQEU7g,Strong
nqm,Very Weak
letmein,Very Weak
ofglhfe88,Weak
wmekfzq3,Weak
ovbaqs98,Weak
5ovjj7@vr3LGaEzIXe-0(fwhvM,Excellent
jordan401,Weak
L^Ha|zTHwg!,Moderate
Yrcwd52h{9DYnaKoJ1y{.5x-0t,Excellent
Security61),Moderate
&bQE6{9:1fQ,Moderate
-k>)@E5J=Gv,Moderate
6sNp_NB1;(_,Moderate
"7>azBE5OF4c,+sI",Strong
Jupiter679=,Moderate
Wafvv,Very Weak
frhp,Very Weak
kqfs,Very Weak
uJzThaqt{B!61z6$Fkp4fH^y>O,Excellent
"xq95odFzTEH8!,sk!actO9Zi}6",Excellent
iiiii,Very Weak
"l#0wp2&1,ZQ7N)",Strong
Dw203CbE6$+a*K,Strong
ODzX9dmyTb%p=39<G,Strong
lga]37^UwXqp}42Sub>GvZS8,Excellent
smt,Very Weak
7545482532,Weak
xv26,Very Weak
thomas335,Weak
"Lm4E,D7(z5m$4ezaUh4w7ryb?Y",Excellent
{q6S=$C2bsgNJX42fhRpbVPY4,Excellent
_V=#mTxleLa72y.U4gkHCh8eys,Excellent
dragon,Very Weak
GBE4jXYb|*R,Moderate
#jj[4Yks7]rL7fDCY,Strong
Pmdoi,Very Weak
{%Vy*9U&]G,Moderate
b?5;Z^mlEx(,Moderate
Bbgbb,Very Weak
G=nT7caS4BZk>*,Strong
Kjontcel,Weak
W[U1oKcxHlN,Moderate
dterah41,Weak
=D>@AV{m-P,Moderate
?D5Lo9:Ag+cQ6h,Strong
{gdT&k4bFi2m0-C,Strong
ttttttt,Very Weak
*|^e+J:#b53,Moderate
Uidjx,Very Weak
",umA0s6N5Wad$BgL*",Strong
Drqhwhmjg,Weak
Go37QA||);.,Moderate
s5O>PovU_!5Psh4S,Strong
inlhmwbzt,Weak
K72j@LmxTg4^a#,Strong
2LLvS?2k6Rj+i!Hu,Strong
92(pp6gQ0seC&XN6MIRU-+w3,Excellent
5177,Very Weak
hr;m^J8M}q7,Moderate
74meaqvnpd93,Moderate
nsfmh15,Weak
3GW@|d2jKp9FF7m@mq<Uiopd23,Excellent
796,Very Weak
Security749},Moderate
jordan882,Weak
byxapv57,Weak
9fK<5kM+.r$,Moderate
Znaf1Qj6hc2R,Moderate
ahrvwlaa0,Weak
wt05,Very Weak
qm8SivpAfpxK0r8MAoi4_tX;+f,Excellent
sC9;.HmN8o(Lq6av,Strong
}U2Gx>Q3aY(,Moderate
Security165%,Moderate
C3$ej-UAH4%ioKkv7,Strong
"rhcmsv1A4ioOOcfi|24-u0vT,%",Excellent
ccccccc,Very Weak
%THcg]ai0p.,Moderate
dhknx,Very Weak
"f2vp8wr<,JkUB3ExV?0i3qk1d{",Excellent
"pF[v3kZr,8<L2UyI",Strong
vvvvv,Very Weak
Atb7J9oTFzto-tvxRo)2;psw3v,Excellent
[Ox.Hz8UuI#,Moderate
dLBe$&x;._A,Moderate
xhnguuu62,Weak
487873389,Weak
nOh60hrL5v0Ju^y$xrxbe@N]5k,Excellent
dsabuc65,Weak
Gj;vbRYtsDh&92KdN716>6k;l,Excellent
b2NY*?g0+WsabbFS9,Strong
L57Ntwof)t!Hn48A6j=pkvZ.C,Excellent
gQ2ni(LdF=jA#0u,Strong
hunter725,Weak
18IjwkhHv6$kagLkq]@J1VSrp-,Excellent
rw01,Very Weak
agci,Very Weak
j1&98?r3+,Moderate
:7o?YC=(D)9,Moderate
c8prm1-Lk3dMa8YtoZK|5I)2,Excellent
fq$7?69mU#^Vt8,Strong
xdl,Very Weak
thomas564,Weak
PEM(h%c0|fuR2t,Strong
uJml?H$>Pde,Moderate
ev^F[uy)Zf2emjHLfzEE245k5[,Excellent
4_1Y^t;44lP,Moderate
w@><rQCm03r,Moderate
4t|owfDO%P94Td&ohi2z2pqcP,Excellent
oavaxnw66,Weak
Security843[,Moderate
5ppX|6ww}+InKYq3B,Strong
70651,Very Weak
nlkRx3=ZCd5b%ha%>v33[iTGY^S,Excellent
uuuuuu,Very Weak
04hzcxatpw19,Moderate
66037,Very Weak
&Y)Jd1@4XR,Moderate
r58mr*Ii<7kngtua=1bEBaL06w,Excellent
244063,Very Weak
Jupiter586:,Moderate
Lydmnbyvm,Weak
ywgwmslb1,Weak
Zwn%;ae3o{,Moderate
97%1D]!&(SQfZRB,Strong
05uwaxlyje32,Moderate
ikqnefvf1,Weak
7340603675,Weak
S<ck-g^wEi8;pg0H&3g6ZoXaG1,Excellent
afoezr76,Weak
jHk5%[dlb<%n0iIG1MZJamzw7,Excellent
yHtbZ$;cR5,Moderate
Pdji,Very Weak
&c4J0KmZwseq^M=Q4,Strong
Qma,Very Weak
ip66,Very Weak
TFr@l?s(d1,Moderate
og%KF.qY8lp9!D,Strong
ry52,Very Weak
Vt-e2PjKpn*7h0vh+IU5rqA|6,Excellent
%^K38s2m0:eiz1OihhliklpBXo,Excellent
Security524|,Moderate
gp64,Very Weak
ih46,Very Weak
0qvEBR440Y!7o|?,Strong
+8ulPf75cfBYo!viLy_mvMh0wP,Excellent
7115461672,Weak
7835,Very Weak
kE8Lm7ipZt.%YK7.,Strong
PjY1Uk4k5da3wd.(8SdyAx1s-E,Excellent
dfirn,Very Weak
"ajw}m9OSk[5Y,Fv",Strong
&3rb5acK5ux0eNv4eOLu@0xtI+,Excellent
r7mK.Ba3mRt]5M*W,Strong
uu50,Very Weak
995956,Very Weak
Sjt,Very Weak
dragon542,Weak
ebogc07,Weak
avjuxiw4,Weak
sobpfpas5,Weak
"yqiLS*6gH6ugqD05L]nqi,aV6v",Excellent
iDcga5n78UyP,Moderate
BjDzu1c26hQt,Moderate
oVgBN4p1%4_vPhkM),Strong
LeGvtg62SL9VOdbp-#lqhy}1,Excellent
zb22,Very Weak
0.kPZUgs[a(Yf8,Strong
gfxkqll96,Weak
5208,Very Weak
3RXyo0mcU8z,Moderate
vj80,Very Weak
02yh8(]iUQ8,Moderate
",}1c31kU]C8:c$^Io9yD7mDZX8;H",Excellent
jdk,Very Weak
Btq,Very Weak
0378240187,Weak
azpniwgmbku],Moderate
dvxpayn4,Weak
B%G29?V{&I3t;FM,Strong
"r8jn2*0jMcerMslb[65snk,ZCw",Excellent
&En6)(SBZkf75%1,Strong
@7[l]jqUHKTO6rs6,Strong
Zxthfdnow,Weak
dragon450,Weak
1f#UQcblv5h<CxPfIx@ykI0i7,Excellent
Bxl,Very Weak
Olyoq,Very Weak
nFU-0vQ[Lbs.E66s,Strong
"Or4,l83h&X,XxxXSn",Strong
8oeqI6z]dS=v.u5,Strong
iz34,Very Weak
twzgvf78,Weak
charlie32,Weak
Tujuljygo,Weak
JW>93jbd*ifi(Mi1tagKYh06,Excellent
Phoenix392},Moderate
6w2Tyv3LB[8Ax(62xN%me-vmqC,Excellent
Hvxlm,Very Weak
e!;]kYn1tM,Moderate
yvqu,Very Weak
5571,Very Weak
Sp>D<O_f8d8,Moderate
c#E6cieknlAp]1+8c2eYzezN0,Excellent
fJ=l7gQ(V)l3O3Xs56Ouarh4k;,Excellent
2775,Very Weak
0858672618,Weak
)ZwR^SMRUatp32<0;gA5Uf}7,Excellent
737,Very Weak
d8RW{f3@n(VSp9,Strong
mbupczflqeh=,Moderate
qT5(-F]]aHZK22DQi9fx]p*[x>Mx,Excellent
R%m=0D^ksqP7B2gu,Strong
IFT;(JVR!B9z7M,Strong
rgihvoeja,Weak
78*3dANjpD.Bpn{Ec,Strong
fca,Very Weak
dflbq,Very Weak
85800,Very Weak
eomy8C<HpMKP>4$0,Strong
5Dhzf48ImUep,Moderate
jyzb,Very Weak
"Sqd$9r4[,z]6pnE",Strong
BjC%NsO(le(zhR403,Strong
Rcvg,Very Weak
]o5PK&#12,Moderate
welcome,Very Weak
)RiH&GPZz6A8DY?,Strong
Security54?,Moderate
5TRau6Kd3fw,Moderate
i6ya8-]1zSHXb;n,Strong
buster492,Weak
F?]PLl]5k+l,Moderate
fBn8XJG04=yda_@,Strong
edllqksd7,Weak
|TsyS1!M@ccdhH?W5^QJFc0}Mis4,Excellent
57ua2od_T.QmAT2Kx.djzZ77v,Excellent
9300,Very Weak
w|umgh.!S98TY*y2dz$olWwT4X,Excellent
mg-!8x{YN5I7ElgP,Strong
ggfvvju10,Weak
avwfykiz,Weak
ktvhwvna1,Weak
2LLl@ep?iZ$038d%iuZ#v<-WEB{2,Excellent
a<d}MLmB1cI*0G5h,Strong
8225449244,Weak
xrnglay9,Weak
CCD2iRhc1}vWMMG7v5&(&>)y<bq,Excellent
jessica711,Weak
p5Jil138[LIMSmfq[shy0sE?,Excellent
0#mpXbMaqT!Bpj=9zBWP;BRgBMc8,Excellent
!JtdcVzIplM,Moderate
zzzzzzz,Very Weak
=Ka[0cTJ-haQl&l7w1Xex1a2Kt,Excellent
MazY?9%{VCLu2q,Strong
Bodpgise,Weak
mawynfu56,Weak
200442,Very Weak
Traj&>Y]Bq70mL,Strong
ro9Wf9wl]cr6O0Jd19Jv%p%mNB,Excellent
dragon642,Weak
763465,Very Weak
jessica712,Weak
zr37,Very Weak
B&2@Dfa8S6CxZhw,Strong
jbmezir88,Weak
-oIMG@2XQa;eDl,Strong
login,Very Weak
9N5kimMHtjK0h.cI70mlzk_;,Excellent
"c=Q1BOH],Xvj0A",Strong
xcr[1-1GNoJ>Pgx8y17wa=#XmX,Excellent
Ow8GpD!iATxu79J7NL([N!nwM6u,Excellent
Security92[,Moderate
"x<wUCN95UZ]sDIEOra,5N9tGt6|",Excellent
bowynk06,Weak
26&!KB;LS7N(0,Strong
9NB)R@*$6cL,Moderate
mwfdDQ2xH81BOe#%0d2Ij*cgo,Excellent
640336,Very Weak
go?s=n[k5nEdr3F9fNEl9D[V+2,Excellent
5_yY1hv#tP1,Moderate
tcvcibu42,Weak
yyyyyy,Very Weak
hzyv,Very Weak
ugqk,Very Weak
ypdma09,Weak
;c!O*Tm=1r?,Moderate
7p:*13Dh]W,Moderate
dragon39,Weak
pmaygs48,Weak
gm*AwDXm7-zl{uv3t8DqSB9>i,Excellent
49LQ{s(Y<Z,Moderate
)9kXCli{>twMQ7n8,Strong
dragon350,Weak
brdVbj2QaIuWZd8Djh1)s7AgC6&,Excellent
(aLJtpf28I{xgN=,Strong
dl92,Very Weak
38wy0agPLrF,Moderate
:gVGzed226fxeq^x37lhLr<Yl,Excellent
V6FyBw$U)%j4cx,Strong
p?4xQ3Tsj-BAoy.,Strong
y-8khnA8pKa=(YMV6,Strong
Jupiter935^,Moderate
hunter386,Weak
Nd68ugD2=c?0ylxm?u3uZjOfs,Excellent
eJN]%Z?G4,Moderate
%UmF]LSLX{>,Moderate
902977,Very Weak
Gbcwpuama,Weak
0i5tUjdOS4y,Moderate
4b91z}({Y,Moderate
bfelw04,Weak
pass,Very Weak
E8!Zx7y9}W?lBg,Strong
077836,Very Weak
Q8hQZ{fiZufaYfX6;x*b5od=j7,Excellent
oINh:w)t*2D,Moderate
b674E=uZ]yX,Moderate
856438883,Weak
fnxtho51,Weak
Jupiter893{,Moderate
"-NUPHyk,0pA8ek7s(",Strong
frw,Very Weak
bqmt|-%]pQsAuNH365YI8kn0em,Excellent
michael888,Weak
435,Very Weak
Rwmgjufsu,Weak
vflsxcdt9,Weak
Security90^,Moderate
zTc?2M{JRDP$(7U,Strong
cui319F?^w[rtKJ,Strong
7F&lf|14sbqqcvrDV0qhzT{F0,Excellent
>4E6RsFNt.7@H,Strong
erfZ2wD9no1S,Moderate
Security562[,Moderate
DWp$t:BZ5B2,Moderate
"ytAxtrjVq%+JDmv87{3pG,21F",Excellent
3%*VKB;cx,Moderate
wqgxd,Very Weak
7h5od5yv{Fv;7k|g0owNZGtoq,Excellent
bngz,Very Weak
67hdwagmtk59,Moderate
fsju,Very Weak
c?xm<mS+51yiU6xJZ0L7$d$asz,Excellent
hello,Very Weak
7063184472,Weak
llll,Very Weak
Uacbqpeek,Weak
165395,Very Weak
q&3:[h1O72P,Moderate
znaM2EP&)j%L14,Strong
Iv1fqcaYL.gyX7CbJYq#t8_9HbDm,Excellent
|58>SBCETD,Moderate
6D[Huam3o9Rb_!,Strong
.pm0fBqv3Kf}UT8E],Strong
Security17#,Moderate
Mgluuhdwb,Weak
vjnhsku2,Weak
38013,Very Weak
Hb<3A=FA_mG,Moderate
"Security142,",Moderate
W&=Wd9qp}K>eyC67Myfj&h>9FDP(,Excellent
charlie842,Weak
Security084#,Moderate
)i!1NqzL8ePE7k|[Bc3lFiWM$WK,Excellent
eCm]Tj9W=Kq,Moderate
swKzmja)YJ7G{LQV3di_B-3(Fj:m,Excellent
thomas693,Weak
2955,Very Weak
aiCf-u)d;lj6DFcB7R6F)z6u5=,Excellent
master721,Weak
Bzolcsdj,Weak
W+=g6CuTyh$ZD42,Strong
E36cI!pbOb!(A90K0cubpSjg<:,Excellent
dw39,Very Weak
Gup,Very Weak
|6Ki2mgHoD<E[8Q,Strong
(:1ubB3d[rGxjTJpw83yftltVz,Excellent
7ep1d*u0aOzpXmrHn(feJ#rb7Z,Excellent
]iXL5#}Ac,Moderate
uLWbk2F.cv7|4]cDS,Strong
"iaqyzlwvehu,",Moderate
K$EEQY=HSvz,Moderate
04586,Very Weak
"!X.8F6qOx-Apr,mv8l2(pOms6I",Excellent
o$bDD3HEw$S,Moderate
"Oac0u07BK&l&JmT,w",Strong
(ew2k*C9ZHvfo;NX,Strong
Q9md1.r1!$5S4VT!StE+TEJk+t<,Excellent
omajgy69,Weak
w[hv(XJy539Q*I,Strong
829904760,Weak
a4tv_%w1X]$L8qsy0Rvu0IzcsL,Excellent
0722,Very Weak
iOUc$94d9vi4c+dosFunb3Tt*,Excellent
rNz1N*dL=2c*vl8AD,Strong
XjQX^^2M(7Qf4I9,Strong
885695779,Weak
ju56,Very Weak
#?w5-SR91LMhbt,Strong
gw48,Very Weak
Ba6zbCO:WG2d#x6m-,Strong
S7x=XDB0yhQak2&?,Strong
charlie17,Weak
snhns,Very Weak
?1y[3vYrhk?3*ijpciiXe21HDf,Excellent
Security41;,Moderate
e}NoJb32CWjer:1)X,Strong
dauycize,Weak
michael646,Weak
D:*Xy@=G%5,Moderate
S.>Ik7TLVE81&,Strong
Jupiter249{,Moderate
tp72,Very Weak
N7k!w1EK{Gx&9krCp,Strong
tufpi35,Weak
dmtsdyg08,Weak
pM4]4luWydoc2=31D)Vx?dfarc,Excellent
9+3t1RpL=Q,Moderate
ypO8s9UEbzx{:4(W,Strong
2|Lh;r4AWn0u_q,Strong
1!5y_oWg_4degw(eVrjEXu6Vkm,Excellent
9F7sP4Q8({*]A|M,Strong
sypromcm3,Weak
iiiiii,Very Weak
D]3R3Rofzn25;hewvnhTj6G#i,Excellent
283767,Very Weak
Thunder914<,Moderate
$S{(Vj4=QU,Moderate
P65rK5B{D&t<Kvxxu,Strong
ho1[)C2pSsO(0L6Qd!Dgf|v3f,Excellent
V*bbhh6=Y$a8XSA7,Strong
Ir0uSA@?gMtf#4,Strong
Security96{,Moderate
muskv,Very Weak
michael764,Weak
buster966,Weak
ppppppp,Very Weak
g+hp47dykdQN1UU0e%do;kP(sz,Excellent
Jupiter537[,Moderate
x;!Y9o=sXwYHqEzfg7F0yiDxaq9,Excellent
=$Ypx1MMD|t,Moderate
B{0o(qilo:1Ks8!EKYQ.jdHT3kU,Excellent
]Iz}eY?6Qj,Moderate
eo92,Very Weak
5za[IjB74f.+Xr,Strong
e2n?&5J$ixoxbGjzE0U00m>@uQ,Excellent
xpofknwf4,Weak
wjl,Very Weak
lc95,Very Weak
l3yb.nRk7tiiETo-;16mr:KZmX,Excellent
2+k=_Jb47cEsIQ,Strong
K6C^lid3PmR:h{,Strong
Kqnk,Very Weak
jv75,Very Weak
&Dc2L{9oehM6Uix,Strong
Cobdjzhm,Weak
rsxmzfy2,Weak
Rremqnhlx,Weak
x&JRg9XS[:4S0Q8,Strong
duc,Very Weak
7A_2hW+n6-lFcJD,Strong
hnimex36,Weak
8+d1dN&xE8*N3qxqYvpN#eqvrT,Excellent
022,Very Weak
buster245,Weak
mhokbgyj,Weak
Niwoyalxj,Weak
V8dyvrI]gwidG#407iQcR5ds0-,Excellent
tj98,Very Weak
Qgxxb,Very Weak
90vguqzaxn15,Moderate
Thunder605<,Moderate
wjevxabl,Weak
xugmwiptbrv&,Moderate
H@LAjRkz<w37C_0d,Strong
vIvsJ5WOQ9c6#6qvO37<zN?3xe,Excellent
vlymgwbjp,Weak
ydikq35,Weak
6DE&er_V6!&,Moderate
Dp?JW9w52PxifJos8p1Xz&hs[o,Excellent
333,Very Weak
"R31UO7:,WD0L!(",Strong
*&92hjGxCBPS!al,Strong
ybylzhrm3,Weak
"1egy,3-HMTi$f5FwK",Strong
B<AsD0z4b@(4TreB,Strong
"9e70uapMI<,c6q{Ka2yZ.;CVfc",Excellent
3bmiI%65zoS0GqubmEq*6_f7wa,Excellent
Phoenix512|,Moderate
szn,Very Weak
B|wHy9FV2csg0>I,Strong
{XZRW=NL#|[,Moderate
Dzeqw,Very Weak
ic51,Very Weak
F3s0^g1Jyd:BhuUe9tJm:#7l^N,Excellent
ZePg7e-{}n6XD8bL,Strong
iSFhZY08P?c,Moderate
MFX]C81dzn@f8z2:iRdPwv0e_,Excellent
yrfxo03,Weak
8342525005,Weak
qstl,Very Weak
Jaeftuwhq,Weak
9702427784,Weak
ulmhtgk77,Weak
%U59Yp@lir1N?Egv,Strong
thomas282,Weak
"7,a[#+1-N9c24V",Strong
izs,Very Weak
pji5Nb|Rq:-9SD,Strong
gnpwlmbw4,Weak
Security159&,Moderate
!cFb(9wmb]9%W]qHg31xsxb4RZ,Excellent
gw1MS!.Z+o@hV2p,Strong
monkey900,Weak
Dhe,Very Weak
zK8+>GtiJvYK[v90,Strong
03066,Very Weak
J[w-ZkEdE6M,Moderate
"2(eb>b8p,zt_uy58NyJoFExr1r",Excellent
>R9JQ}nW<,Moderate
kkkk,Very Weak
mOFVDh8qs^]cL>R,Strong
fsidtuo36,Weak
oJ^te727>O}rnrAqu4GoQuO|7,Excellent
M+w(gu3;z%18sYl,Strong
511393,Very Weak
SO3=;>w2KXRcjz,Strong
wb8uf*8rB0CvaJikAf2]Dc6mv-,Excellent
jordan846,Weak
xfh[8nJjVurT1un94yKbkBv}(c,Excellent
"YItr:s|0Nq,h6V",Strong
1I:b4!j1P7yzSf^oWee0-vmL1g,Excellent
Veaxryws,Weak
)@[=KY5?SCD,Moderate
"c]bmq,5vWHZ2-eda1,lmDtG205",Excellent
-atY*oY6=:MNko<feNDnWj-d5Vh7,Excellent
pojvrlh69,Weak
tajmawm00,Weak
fffffff,Very Weak
kbltdux5,Weak
cajzpn75,Weak
)jJElDs07)n!FtdF2,Strong
Wfljevgc,Weak
F?0*jgdlT2pPt7U_Q,Strong
zxcv,Very Weak
q7tX}QETR3*-p1rb,Strong
7kN.bz)sG96rzc_njv9V9Shug3,Excellent
"6d14Wb,IhIw{jciSx09vD_y,6;X",Excellent
gpb$pxEf+2P!K30WI,Strong
"e7,|-+Qr:gx",Moderate
oip]apX2bO2Kgp4x]6spH{TaL,Excellent
Zyodyoplt,Weak
6shBJy(<-2xmZ3,Strong
63077,Very Weak
RfS0*W5tZp-nM|,Strong
0lwI4.pMf}G4=AiM,Strong
wD_3NgP+I1[)0q,Strong
shadow652,Weak
_vF27rXTi=Y:ea.Zvfg5jbb20,Excellent
",62dy?w@|Zh",Moderate
"cD32,$MLtZsv8GH",Strong
"T2>{fpJ2F,1",Moderate
^]G2)beWO,Moderate
buster689,Weak
%]txFMheH3.6GGf8,Strong
;1oM1:S7fJz]qZeoI,Strong
ufeap87,Weak
",1.UF6vysgd8%rN",Strong
2BB[0(s-&Mt,Moderate
4Q5yW>ld@Q^J5dfIn,Strong
Yrf,Very Weak
buster654,Weak
QJ?&5vLu^7@OZC,Strong
Xqpgr,Very Weak
l=v4HF51eoU+[D,Strong
7CDC;eF5H!*.xW1kI3;O?y8Zsz>,Excellent
T0$SEKdyN7=9l)o,Strong
Thunder815-,Moderate
qmlhtsd23,Weak
iloveyou,Very Weak
&7I9TPwyulj[S_,Strong
wwji,Very Weak
488,Very Weak
066,Very Weak
NUUk1Ba_W1[X=MQ,Strong
ihrfp,Very Weak
AHT6[#ZC*I0vB>R,Strong
Jupiter569#,Moderate
b+9XrnQ01TKLuc;,Strong
uwxsyql48,Weak
I]%ww8Sku3b]jGN2B,Strong
vaebn53,Weak
Security132>,Moderate
Mrzfh,Very Weak
m8v7IzcA2Wu,Moderate
iv57,Very Weak
gadsuvcwbtp.,Moderate
Iusn,Very Weak
D!u=A|MHqx2In?7,Strong
c(76)reWVs,Moderate
Seflphoz,Weak
464,Very Weak
hUazM#DX72Tvj%!f,Strong
*Y6Ibv8p1t;jUQ},Strong
"4@P<g2,s7",Moderate
zjhiraq13,Weak
2560378639,Weak
thomas497,Weak
Jj_PU(GX_cE,Moderate
sa66,Very Weak
m97oC&uVXBd)|R,Strong
;4ZK5&SbwPnZ>M4pnotxk3jwc,Excellent
Ez5%RolOUrfC8]Bz8s;j%k178d,Excellent
[7Lx{^PWfO4vQa,Strong
vwprag28,Weak
6e_PvLdnJq6:h14FKU?ap]9x,Excellent
617867937,Weak
n1XW6kKI2|[!Cd1,Strong
"4qs@t24,8oNx?HCesE0RXvWP",Excellent
=8AkN_e1ZG9txlV,Strong
617108541,Weak
dragon862,Weak
=EZ7K3Us7{%,Moderate
adwhcg20,Weak
0454,Very Weak
935617699,Weak
L.348cIczpwBH|%^2<PgH[T]wT5,Excellent
f;pglH|a5>UZ3C,Strong
>}fpXvb6j5TFjRr8]41?mYvCl,Excellent
nBFCtFuy8YClz2f5#f0-kn:75,Excellent
michael530,Weak
Jnmrk,Very Weak
rilruoj88,Weak
@n40vD{91uAxwzb]37vfNqhXY,Excellent
@t0L6chbsN[?8W=,Strong
vsypwcikhfa#,Moderate
asdf,Very Weak
ranger453,Weak
BNi-wj1vCsyiT[!B@kO[<Oq2A901,Excellent
monkey809,Weak
59jcriptsh83,Moderate
vikm,Very Weak
R2Ne|U4F0w,Moderate
bbbb,Very Weak
ffffff,Very Weak
jzunl94,Weak
0l4!igATy_1)&7DSLxao7FMV4,Excellent
qqqqq,Very Weak
1330689191,Weak
Jupiter820#,Moderate
cvrekfj27,Weak
{29r[IDj4:-NzM,Strong
Mgoj,Very Weak
5:roD=&Dq<N,Moderate
hyqtc,Very Weak
"SsF1BR3?X36c5hQ?7npp=iu,d{*",Excellent
IZGmLCt=e>39)r,Strong
Nzv,Very Weak
z=vNsY76;x1l%AH,Strong
";xtiU!3%8k,",Moderate
vxfcukmq,Weak
#{U90h0jm|4Lm}shfaLietSA1,Excellent
Iegskqgtn,Weak
jordan498,Weak
"lHJ<,YJqE1Z",Moderate
Owq,Very Weak
hunter938,Weak
Thunder954*,Moderate
"LzGYUG<pgdb69g:KhiW]QwS6k,P",Excellent
8msakgH|&R62se37lf?chjLmJ,Excellent
rhclzwev6,Weak
kQmYAc7&tjZ315th&{&4gbKuk>,Excellent
Du;9YPkG<qYxq1d92ztI>ckykl,Excellent
xfds,Very Weak
master678,Weak
IsNB@2y>UF]70qz,Strong
x1nc<V7txNGhG._J4,Strong
)pJw*t3S0C5{d0D9qO.c@=:rsIc,Excellent
Rpa68wHcu-Zw1<*oS3ivCapkyt,Excellent
Security401.,Moderate
"Security30,",Moderate
ggggggg,Very Weak
",t$o*$XQj4Gf=GNM9fbH&K,7(73",Excellent
-!p%voak:XW,Moderate
150302996,Weak
9tcI]}kz!U,Moderate
rlbpo01,Weak
"BvNPd@?<g2,9QkhnA0HCCnflEZWr",Excellent
Phoenix213@,Moderate
xd9l.hanyso<u4QDkK%k94z&8A,Excellent
!>%HIz?eTO,Moderate
"p,q{SbIRM9Z6p7<lt",Strong
yogkcb29,Weak
